Subject,Área Temática,Total de Fontes Encontradas,Conceitos-Chave,Cobertura Geográfica,Resumo Detalhado da Pesquisa,Error
Backward induction em teoria dos jogos e economia comportamental,Backward induction em teoria dos jogos e economia comportamental,15,"A pesquisa revelou uma dualidade entre a Indução Retroativa (BI) como princípio normativo da Teoria dos Jogos e sua falha como preditor descritivo na Economia Comportamental.

*   **Indução Retroativa (BI) e Equilíbrio Perfeito em Subjogos (SPE):** A BI é o método central para resolver jogos sequenciais de informação perfeita, levando ao SPE, que elimina ameaças não credíveis. Sua lógica é amplamente aplicada em Programação Dinâmica e planejamento estratégico (""Olhe para frente e raciocine para trás"").
*   **Teoria dos Jogos Comportamental:** Esta abordagem foca em como as pessoas *realmente* jogam, incorporando elementos psicológicos e aprendizado, e documenta a violação sistemática da BI em experimentos.
*   **Racionalidade Limitada (Bounded Rationality):** A principal causa das falhas da BI é a capacidade cognitiva finita, que se manifesta como ""limited lookahead"" (visão limitada do futuro) em vez do raciocínio regressivo completo.
*   **Falhas Empíricas:** O Jogo do Centopeia é o exemplo canônico onde a previsão da BI é violada. Falhas também são observadas em jogos de barganha e em contextos de alto risco, mesmo com incentivos financeiros significativos.
*   **Modelos de Refinamento:** Modelos como a Indução Retroativa com Racionalidade Limitada buscam conciliar a teoria com a prática, formalizando o raciocínio iterado limitado.","EUA, Reino Unido, Alemanha, Israel, Europa, Global",/home/ubuntu/research_summary/0_PGE8nyg1GlMPtBE0NYfPo5_1764907958170_na1fn_L2hvbWUvdWJ1bnR1L3Jlc2VhcmNoX3N1bW1hcnk.md,
Prospective thinking e future self continuity em psicologia,Prospective thinking e future self-continuity em psicologia e suas aplicações em tomada de decisão e estratégia.,17,"O pensamento prospectivo (Prospective Thinking - PT) é a capacidade cognitiva de simular e planejar o futuro. O conceito central é o Episodic Future Thought (EFT), a simulação mental de eventos futuros, que compartilha mecanismos neurais com a memória episódica. A Teoria da Prospecção Pragmática descreve o PT como um processo funcional de duas etapas: imaginação otimista do resultado e planejamento realista para a execução. A Continuidade do Eu Futuro (Future Self-Continuity - FSC) é a conexão psicológica percebida entre o eu presente e o eu futuro. Baixa FSC é um preditor de alto desconto temporal (preferência por recompensas imediatas). Alta FSC está associada a comportamentos prudentes (poupança, saúde) e maior significado na vida. O PT é a base para metodologias estratégicas como Scenario Planning e Strategic Foresight. Intervenções visuais e narrativas podem aumentar a FSC.","EUA, Europa (França, Reino Unido), China, Japão",/home/ubuntu/research_summary/1_ARYJrpmb2Nwo455seCjttJ_1764908049617_na1fn_L2hvbWUvdWJ1bnR1L3Jlc2VhcmNoX3N1bW1hcnk.md,
Goal-oriented planning e PDCA (Plan-Do-Check-Act),Planejamento Estratégico e Melhoria Contínua Orientados a Objetivos: Goal-oriented Planning e PDCA (Plan-Do-Check-Act),18,"A pesquisa demonstrou que o conceito de ""pensar no resultado antes"" se materializa em duas abordagens complementares: o Planejamento Orientado a Objetivos (Goal-oriented Planning) e o ciclo de Melhoria Contínua PDCA (Plan-Do-Check-Act).

*   **Goal-oriented Planning:** Fundamentado na **Teoria da Definição de Metas** de Edwin A. Locke, que estabelece que metas específicas e desafiadoras são o principal motor do desempenho. Essa abordagem se desdobra em frameworks de gestão como **Objectives and Key Results (OKR)**, que promovem o alinhamento e a ambição organizacional, e a **Teoria das Restrições (TOC)**, que foca na gestão de gargalos. Sua aplicação se estende a áreas técnicas como **Goal-Oriented Requirements Engineering (GORE)** e **Goal-Oriented Action Planning (GOAP)** em Inteligência Artificial.
*   **Ciclo PDCA:** É o modelo fundamental para a **Melhoria Contínua** e a **Gestão da Qualidade**. Originalmente o **Ciclo Shewhart**, foi popularizado como PDCA, mas Deming defendia o **PDSA (Plan-Do-Study-Act)**, enfatizando a aprendizagem (Study) sobre a simples verificação (Check). O PDCA é a estrutura subjacente da norma **ISO 9001** e é frequentemente combinado com metodologias como o **Lean Six Sigma** (via DMAIC) para otimizar processos em diversos setores, como saúde e manufatura.
*   **Interconexão:** O Goal-oriented Planning fornece a **direção e a clareza da meta** (o ""P"" do PDCA), enquanto o PDCA fornece o **mecanismo iterativo e científico** para a execução, medição e ajuste contínuo, garantindo que a meta seja alcançada e superada.","EUA, Japão, China, Europa (Portugal, Internacional), América Latina",/home/ubuntu/research_summary/2_9ngdxciaorHdeDuGE6Zxz0_1764907943218_na1fn_L2hvbWUvdWJ1bnR1L3Jlc2VhcmNoX3N1bW1hcnk.md,
Backcasting e scenario planning para sustentabilidade,"Backcasting e scenario planning para a sustentabilidade: Fundamentos, Metodologias e Aplicações Globais",20,"Os principais conceitos e insights descobertos na pesquisa abrangem a natureza e a aplicação do Backcasting e do Scenario Planning para a sustentabilidade:
*   **Backcasting Normativo e Estratégico:** O Backcasting é uma metodologia de planejamento intrinsecamente **normativa**, que se inicia com a visualização de um futuro desejável e sustentável, trabalhando retroativamente para identificar os caminhos de transformação. É uma alternativa ao *forecasting* e é essencial para problemas complexos onde as tendências atuais são parte do problema. O **Framework for Strategic Sustainable Development (FSSD)** é um exemplo proeminente de sua aplicação estratégica.
*   **Sinergia com Scenario Planning:** A combinação de Backcasting (normativo, definindo o destino) e Scenario Planning (exploratório, mapeando caminhos e incertezas) é uma abordagem metodológica robusta. Essa sinergia permite lidar com a incerteza da transição enquanto mantém o foco em um objetivo transformador.
*   **Ênfase na Participação:** A evolução do Backcasting destaca a importância da **participação das partes interessadas** (*stakeholder participation*) para garantir a legitimidade e a eficácia dos caminhos de transição. O Backcasting Participativo é aplicado em contextos como adaptação climática e planejamento de paisagens.
*   **Aplicações Setoriais Diversificadas:** A metodologia é amplamente aplicada em setores críticos como **transporte** (planejamento de mobilidade sustentável), **sistemas alimentares** (mudança sistêmica e colaboração intersetorial), **desenvolvimento tecnológico** (orientação da inovação) e até mesmo em **educação** (desenvolvimento de pensamento crítico).","Europa (Alemanha, Holanda, Suécia, Espanha), África (Etiópia), América do Norte, América Latina e Caribe, Ásia (Japão), Oceania (Austrália)",/home/ubuntu/research_summary/3_KJ3uqiKPNtlDOde1gYgoPu_1764907917110_na1fn_L2hvbWUvdWJ1bnR1L2RldGFpbGVkX3Jlc2VhcmNoX3N1bW1hcnk.md,
Working Backwards metodologia Amazon e desenvolvimento de produtos,Metodologia Working Backwards da Amazon e Desenvolvimento de Produtos Centrado no Cliente,18,"*   **Working Backwards (AWB):** Metodologia de inovação e desenvolvimento de produtos da Amazon, que exige começar pelo cliente e trabalhar de trás para frente, definindo a experiência desejada antes de qualquer desenvolvimento técnico.
*   **PR/FAQ (Press Release/Frequently Asked Questions):** O artefato central do AWB. O Press Release (PR) é um documento narrativo que descreve o produto final e seus benefícios para o cliente, escrito como se o produto já tivesse sido lançado. O FAQ antecipa dúvidas e objeções.
*   **Mecanismo Cultural:** O AWB é um ""mecanismo"" que reforça a cultura de **Obsessão pelo Cliente** e o **Pensamento de Longo Prazo** da Amazon, servindo como uma ferramenta de alinhamento e clareza.
*   **Backward Design:** Conceito mais amplo, originário da educação, que exige que o planejamento comece com os resultados desejados, servindo como base teórica para a abordagem de planejamento reverso.
*   **Backcasting:** Metodologia de planejamento estratégico que define um futuro desejável e inverte a engenharia dos passos necessários para alcançá-lo, contextualizando o AWB no planejamento estratégico.
*   **Adaptabilidade:** O AWB demonstrou ser adaptável e eficaz para acelerar o *Internal Corporate Venturing* (ICV) em setores não-tecnológicos (ex: energia), validando sua aplicação fora do contexto original da Amazon.","EUA, Reino Unido, Europa, Brasil (América Latina), Global",/home/ubuntu/research_summary/4_Pl3G3JSU1rEMJstzYB7hwA_1764907940771_na1fn_L2hvbWUvdWJ1bnR1L3Jlc2VhcmNoX3N1bW1hcnk.md,
Backward Design (Understanding by Design) em educação,Backward Design (Understanding by Design) em educação e suas aplicações em gestão e desenvolvimento de produtos,15,"O Backward Design (BD), popularizado como Understanding by Design (UbD), é um framework de planejamento que inverte a abordagem tradicional, focando primeiro nos resultados de aprendizagem desejados. Os principais conceitos e insights descobertos incluem:

*   **Estrutura de Três Estágios:** O processo se divide em: 1) Identificar Resultados Desejados (Enduring Understandings), 2) Determinar Evidências Aceitáveis (Avaliações Autênticas) e 3) Planejar Experiências de Aprendizagem.
*   **Seis Facetas da Compreensão:** Indicadores de compreensão profunda que vão além da memorização, incluindo Explicação, Interpretação, Aplicação, Perspectiva, Empatia e Autoavaliação.
*   **Aplicações Multissetoriais:** O princípio se estende a áreas como desenvolvimento de produtos (Amazon ""Working Backwards"", com foco em Press Release e FAQ) e metodologias ágeis (Agile Backward Design).
*   **Raízes Históricas:** O conceito é um desenvolvimento moderno do Rationale de Tyler (1949) e do princípio filosófico ""Begin with the End in Mind"" de Stephen Covey.
*   **Eficácia Global:** Estudos de caso em diversas regiões (Paquistão, Suíça, Colômbia, Gana) demonstram a eficácia do UbD na melhoria do desempenho acadêmico e na formação profissional.
*   **Desafios de Implementação:** A adoção bem-sucedida requer o endereçamento das preocupações dos professores, conforme analisado pelo Concerns Based Adoption Model (CBAM), e a superação de barreiras como a falta de tempo e a resistência à mudança.","EUA, Europa (Hungria, Suíça), América Latina (Colômbia), Ásia (Paquistão), África (Gana), Global",/home/ubuntu/research_summary/5_hRd10ia3bibWY2o4Xf6Jxx_1764908208119_na1fn_L2hvbWUvdWJ1bnR1L3Jlc2VhcmNoX3N1bW1hcnk.md,
"Identity-based habits e mudança comportamental (James Clear, BJ Fogg)",Hábitos Baseados em Identidade e Mudança Comportamental (James Clear e BJ Fogg),20,"*   **Hábitos Baseados em Identidade (James Clear):** A mudança de comportamento mais sustentável ocorre ao focar na identidade (quem se quer ser) em vez de resultados ou processos. Cada ação é um ""voto"" para a identidade desejada, criando um loop de feedback entre identidade e hábitos.
*   **Modelo de Comportamento de Fogg (B=MAP):** Para que um comportamento (B) ocorra, é necessária a convergência de Motivação (M), Habilidade (A) e um Gatilho (P). O foco principal é tornar o comportamento fácil (alta Habilidade).
*   **Complementaridade dos Modelos:** A abordagem de Clear fornece a Motivação de alto nível e a sustentabilidade (o ""Porquê""), enquanto o FBM fornece a mecânica prática (Habilidade e Gatilho) para a execução diária dos hábitos (o ""Como"").
*   **Fundamentação Científica:** A ligação entre hábito e identidade é corroborada por estudos acadêmicos em psicologia, neurociência e saúde pública, validando a premissa central da abordagem baseada em identidade.","América do Norte (EUA), Europa (Alemanha), África (Nigéria), Contexto Global (Revisões Acadêmicas)",/home/ubuntu/research_summary/6_JqGbHAxPy31jV7vvjNNHGM_1764907861423_na1fn_L2hvbWUvdWJ1bnR1L3Jlc2VhcmNoX3N1bW1hcnk.md,
"OKR (Objectives and Key Results) - história e evolução (Andy Grove, John Doerr)","OKR (Objectives and Key Results) - História, Evolução, Fundamentos (Andy Grove, John Doerr) e Aplicações Práticas.",20,"**Objectives and Key Results (OKR):** Metodologia de gestão de metas para foco, alinhamento e transparência. **Origem:** Evolução do MBO (Management by Objectives) de Peter Drucker. **Fundadores:** Andrew S. Grove (Intel, base conceitual em *High Output Management*) e John Doerr (popularização global, *Measure What Matters*). **Pilares:** Foco, Alinhamento (transparência), Ambição (stretch goals) e Rastreamento. **Aplicação:** Uso em empresas de tecnologia (Google, Netflix), consultoria (BCG) e organizações sem fins lucrativos, com crescente análise acadêmica sobre sua eficácia como ferramenta de implementação de estratégia.","EUA (Vale do Silício, Google, Intel), Europa (Finlândia, Estônia), América do Sul (Brasil), Ásia (Índia)",/home/ubuntu/research_summary/7_sfS1aUpjuIy2PW4wu37k9y_1764907802967_na1fn_L2hvbWUvdWJ1bnR1L29rcl9yZXNlYXJjaF9zdW1tYXJ5.md,
SMART goals e goal-setting theory (Locke & Latham),Teoria da Definição de Metas (Locke & Latham) e Metodologia SMART,20,"A pesquisa identificou e analisou os seguintes conceitos-chave:
*   **Teoria da Definição de Metas (GST) de Locke & Latham:** O princípio fundamental de que metas específicas e difíceis (mas alcançáveis) levam a um desempenho superior.
*   **Cinco Princípios da GST:** Clareza, Desafio, Compromisso, Feedback e Complexidade da Tarefa, que são os moderadores da relação entre metas e desempenho.
*   **Metodologia SMART:** O acrônimo (Specific, Measurable, Achievable/Assignable, Relevant/Realistic, Time-bound) serve como um guia prático para operacionalizar os princípios da GST, garantindo que as metas sejam bem definidas.
*   **Críticas e Evolução:** O reconhecimento do ""lado sombrio"" das metas (restrição da criatividade, comportamento antiético) e o surgimento de frameworks complementares como OKR (Objectives and Key Results) e H.A.R.D. Goals (Heartfelt, Animated, Required, Difficult).
*   **Aplicação e Adaptação Cultural:** A vasta aplicabilidade dos conceitos em contextos organizacionais, equipes e setor público, com a ressalva da necessidade de adaptação cultural para a eficácia do SMART em diferentes regiões.","EUA, Global, Brasil, Portugal, Espanha, Nigéria, América Latina, Europa, África",/home/ubuntu/research_summary/8_jNSuUhDoRRwsjnyfb2HsE2_1764907824699_na1fn_L2hvbWUvdWJ1bnR1L3Jlc2VhcmNoX3N1bW1hcnk.md,
Hoshin Kanri e metodologias japonesas de planejamento estratégico,Hoshin Kanri e metodologias japonesas de planejamento estratégico,18,"*   **Alinhamento Estratégico:** O Hoshin Kanri é um sistema para alinhar a estratégia de longo prazo (*Breakthrough Objectives*) com as operações diárias (*Daily Management*).
*   **Catchball:** Processo de comunicação bidirecional e negociação que garante o consenso e o alinhamento entre os níveis hierárquicos, distinguindo-o de modelos *top-down*.
*   **Ciclo PDCA:** A metodologia aplica o ciclo Plan-Do-Check-Act no nível estratégico para a melhoria contínua e a correção de rumo.
*   **Matriz X:** Ferramenta visual central que mapeia objetivos de longo prazo, objetivos anuais, metas de melhoria e responsabilidades.
*   **TQM e Lean:** O Hoshin Kanri é um pilar essencial do *Lean Management* e uma forma de gestão estratégica baseada em Gestão da Qualidade Total (TQM).","Japão, EUA, Europa (Reino Unido, Europa Continental)",/home/ubuntu/research_summary/9_sYC1nYHybgWH9AwnvmEQsV_1764907814262_na1fn_L2hvbWUvdWJ1bnR1L2hvc2hpbl9rYW5yaV9yZXNlYXJjaF9zdW1tYXJ5.md,
Sun Tzu Art of War e filosofia chinesa de estratégia (孙子兵法),A filosofia estratégica de Sun Tzu (A Arte da Guerra) e sua influência no pensamento estratégico chinês e aplicações empresariais globais.,15,"*   **Vitória sem Combate (慎战)**: O princípio central de buscar a vitória através da estratégia e do planejamento (*miao suan*), evitando o confronto direto e a guerra como último recurso.
*   **Influência Filosófica (Daoísmo e Confucionismo)**: A base metafísica da estratégia de Sun Tzu, com o Daoísmo fornecendo a ênfase na adaptabilidade e no fluxo (*wu wei*), e o Confucionismo contribuindo com a ética de liderança (benevolência e sabedoria).
*   **Decepção e Inteligência**: A primazia do engano e da espionagem como ferramentas estratégicas essenciais para manipular a percepção do inimigo e garantir a vantagem.
*   **Aplicações Transdisciplinares**: A transposição dos princípios militares para o ambiente de negócios, gestão, liderança e marketing, com foco na competição e no posicionamento estratégico.
*   **Estratégia Chinesa Moderna**: A permanência dos conceitos de Sun Tzu como pilares do pensamento estratégico chinês contemporâneo, influenciando políticas e abordagens internacionais.","China, Ásia, América do Norte (EUA), Europa, Brasil/América do Sul",/home/ubuntu/research_summary/10_RVjQvGDtvyV85wfPM01Osi_1764907806540_na1fn_L2hvbWUvdWJ1bnR1L3Jlc2VhcmNoX3N1bW1hcnk.md,
Five-Year Plans chineses e planejamento estratégico nacional,Planos Quinquenais Chineses e Planejamento Estratégico Nacional,19,"Principais conceitos e insights descobertos na pesquisa:
* Autossuficiência tecnológica como dimensão significativa do 14º PQ
* Foco na circulação doméstica (demanda interna) como pilar principal, complementada pela circulação internacional
* Mudança de foco de crescimento quantitativo para qualitativo
* Prioridades do 15º PQ: política industrial, autossuficiência tecnológica e crescimento sustentável de alta qualidade
* Foco em inovação, desenvolvimento de baixo carbono, integração urbano-rural, envelhecimento populacional
* Fortalecimento da base doméstica para alcançar o status de superpotência
* O 11º PQ como o primeiro a mencionar explicitamente 'política industrial' em nível nacional
* Meta de 'Sociedade Moderadamente Próspera' (Xiaokang) como objetivo central do 13º PQ
* Manutenção do papel significativo do Estado e do Partido Comunista Chinês (PCC) na economia
* Importância da descentralização no planejamento","China, EUA, Europa, Internacional (ADB, WFP, UNCTAD)",/home/ubuntu/research_summary/11_vZmYwt8P7c3VZnFxWhbCcJ_1764908099066_na1fn_L2hvbWUvdWJ1bnR1L3Jlc2VhcmNoX3N1bW1hcnk.md,
Nemawashi e Kaizen - abordagens japonesas de consenso e melhoria contínua,Nemawashi e Kaizen - abordagens japonesas de consenso e melhoria contínua,18,"A pesquisa revelou a interconexão e a complementaridade das filosofias japonesas de gestão:
*   **Nemawashi (根回し)**: É a arte da construção de consenso informal, mas sistemática, que precede a tomada de decisão formal. Derivado da jardinagem (preparar as raízes para o transplante), visa garantir o engajamento de todos os *stakeholders*, construir confiança e reduzir a resistência à mudança, atuando como o alinhamento cultural necessário.
*   **Kaizen (改善)**: Significa 'mudança para melhor' e é a filosofia de melhoria contínua e incremental. Envolve todos os níveis da organização, focando em pequenas e constantes melhorias nos processos. O Kaizen evoluiu de uma ênfase na eficiência industrial para uma estratégia abrangente que incorpora sustentabilidade e digitalização.
*   **Sinergia**: O Nemawashi estabelece as bases culturais e o aceite para que o Kaizen possa ser implementado com sucesso. O Nemawashi prepara o terreno, e o Kaizen executa a melhoria contínua.","Japão, EUA, Europa",/home/ubuntu/research_summary/12_jnsCeyuGxcxNwHCxNnzNQV_1764907804145_na1fn_L2hvbWUvdWJ1bnR1L3Jlc2VhcmNoX3N1bW1hcnk.md,
Reverse engineering em desenvolvimento de produtos e inovação,Engenharia Reversa como Metodologia Técnica e Estratégica para Desenvolvimento de Produtos e Inovação,18,"*   **Engenharia Reversa (RE) como Modelo Mental e Estratégico:** Aplicação do conceito de ""pensar de trás para frente"" (*Backwards Thinking*) para solução de problemas e definição de estratégia de produto.
*   **RE como Estratégia de Catch-up Tecnológico:** Uso da RE por empresas em mercados emergentes (ex: Samsung, Japão) para adquirir conhecimento e superar a falta de P&D, levando à inovação disruptiva.
*   **Metodologias Estruturadas:** Processos bem definidos (4 ou 6 passos) que envolvem aquisição de dados (digitalização 3D), *teardown* (desmontagem e análise), modelagem (3D Scan to CAD) e redesign.
*   **Aplicações Multissetoriais:** Uso da RE em setores como aeroespacial (peças customizadas), automotivo (análise CFD), médico (próteses, manufatura aditiva) e software (segurança, interoperabilidade).
*   **Aspectos Legais:** A RE é legalmente permitida (exceção a segredos comerciais) nos EUA e UE, desde que não viole contratos ou patentes, sendo um motor de concorrência e inovação.","EUA, Brasil, China, Coreia do Sul, Japão, Europa (Alemanha, Espanha, Romênia, União Europeia)",/home/ubuntu/research_summary/13_p3C0cY7yiU0PdcCcvbHb72_1764908214616_na1fn_L2hvbWUvdWJ1bnR1L3Jlc2VhcmNoX3N1bW1hcnk.md,
End-state comfort effect e motor planning em neurociência,"End-state comfort effect e motor planning em neurociência, com aplicações em psicologia cognitiva, robótica e metodologias empresariais.",15,"A pesquisa identificou e aprofundou os seguintes conceitos-chave:

*   **End-state Comfort Effect (ESC):** Fenômeno central que demonstra a natureza antecipatória do planejamento motor, onde a escolha da preensão inicial é determinada pela otimização da postura final do movimento. É a principal evidência da **Hipótese do Trabalho para Trás** (*Working Backwards Hypothesis*), que sugere que o sistema motor planeja a ação a partir do objetivo final.
*   **Planejamento Motor em Neurociência:** O processo de tradução de uma intenção de alto nível em um plano de movimento específico. Envolve circuitos neurais complexos, com o **Córtex Pré-Frontal (PFC)** atuando na deliberação abstrata e os **Gânglios da Base** na modulação e seleção de ações com base em custo e recompensa.
*   **Hipótese da Precisão:** Uma explicação para o ESC que postula que o efeito é magnificado em tarefas que exigem alta precisão, pois a acurácia do movimento é maior em posturas finais confortáveis.
*   **Otimização de Custos:** O ESC otimiza o **custo biomecânico** (postura), enquanto o fenômeno relacionado da **Pré-crastinação** (tendência a iniciar tarefas imediatamente) otimiza o **custo cognitivo** (alívio da memória de trabalho). Ambos refletem diferentes estratégias de otimização.
*   **Aplicações Transdisciplinares:** O princípio do ESC se estende a áreas como a **Robótica** (otimização da cinemática inversa para *Task-Oriented Grasping*) e **Metodologias Empresariais** (o método *Working Backwards* da Amazon, que exige a definição do estado final desejado antes do desenvolvimento).","EUA, Alemanha, Brasil, Japão, Global",/home/ubuntu/research_summary/14_HRUzcSX7YVcBVC1fRnuYB5_1764907973252_na1fn_L2hvbWUvdWJ1bnR1L3Jlc2VhcmNoX3N1bW1hcnk.md,
Future Pull e visão estratégica corporativa,"Future Pull (Puxar do Futuro) e sua aplicação na visão estratégica corporativa, inovação e futurologia estratégica.",16,"*   **Future Pull (Puxar do Futuro)**: Força de atração gerada por uma visão convincente e desejada do futuro, que impulsiona a mudança e a criatividade no presente, em contraste com o planejamento baseado no passado (*Push*).
*   **Origem e Teoria da Transformação**: Conceito originado por George T. Land e Beth Jarman (1992) em sua Teoria da Transformação de Sistemas.
*   **Triângulo dos Futuros**: Framework de Sohail Inayatullah (2023) que posiciona o Future Pull como um dos três fatores que moldam o futuro, ao lado do Empurrar do Presente e do Peso da História.
*   **Inovação Estratégica**: O Future Pull é uma orientação essencial para a inovação estratégica, permitindo a identificação de oportunidades de crescimento que o planejamento tradicional negligenciaria (Krinsky & Jenkins, 1997).
*   **Backcasting**: Metodologia prática alinhada ao Future Pull, que envolve trabalhar de trás para frente a partir do futuro desejado para definir os passos atuais.
*   **Aplicação Corporativa**: Utilizado por grandes corporações globais (e.g., Mitsubishi Corporation, Nippon Paint) e consultorias (e.g., BCG, Protiviti) para transformação organizacional, gestão de risco e definição de objetivos de longo prazo.","EUA, Japão, Europa, Ásia (em contexto acadêmico e corporativo)",/home/ubuntu/research_summary/15_x0qEWsjiKu4jkNZRRu5Xjd_1764908007885_na1fn_L2hvbWUvdWJ1bnR1L3Jlc2VhcmNoX3N1bW1hcnk.md,
Começar com o fim em mente - Stephen Covey (7 Hábitos),Liderança Pessoal e Organizacional: Hábito 2 - Começar com o Fim em Mente (Stephen Covey) e suas aplicações multidisciplinares,18,"O conceito central é a **doutrina das duas criações**, onde toda realização começa com uma **criação mental** (visão, plano) antes da **criação física** (execução). O Hábito 2 é o ato de **liderança pessoal**, focado em garantir que o esforço e a eficiência estejam alinhados com o destino final. A manifestação prática é a **Declaração de Missão Pessoal**, que deve definir **Caráter**, **Contribuição** e **Realizações** (valores e princípios). O princípio é aplicado em diversas áreas, como **Gestão de Projetos** (definição de requisitos), **Educação** (Planejamento Reverso), **Saúde** (metas de tratamento explícitas), **Estratégia Militar** e **Ética Teleológica** (foco no resultado final). A citação chave de Covey é: ""É incrivelmente fácil trabalhar cada vez mais para subir a escada do sucesso, apenas para perceber que ela está encostada na parede errada.""","EUA, Brasil, Omã (Oriente Médio), Moldova (Europa Oriental), Global",/home/ubuntu/research_summary/16_6dC5KqPH9MCsjwK3HtoRQU_1764908077262_na1fn_L2hvbWUvdWJ1bnR1L3Jlc3Vtb19wZXNxdWlzYV9jb3ZleQ.md,
Outcome-based planning vs output-based planning,Planejamento Estratégico e Gestão de Projetos: Comparativo entre as Abordagens Baseadas em Resultados (Outcome) e em Entregas (Output),17,"A pesquisa demonstrou que a principal distinção entre as abordagens reside no foco: o planejamento baseado em **Output** prioriza a produção e a entrega de bens ou serviços (o ""o quê"" é feito), enquanto o planejamento baseado em **Outcome** se concentra na mudança de comportamento, no valor gerado e no impacto real no mundo (o ""o que muda""). O sucesso, na visão Outcome-based, é medido pela efetividade e não pela quantidade de entregas. O conceito é amplamente aplicado em diversos setores, incluindo desenvolvimento de produtos (Agile, DSDM), políticas públicas (UNDP, Qatar, África do Sul) e setor social (ONGs, bibliotecas), indicando uma tendência global de gestão estratégica. No entanto, a aplicação, como na Educação Baseada em Resultados (OBE), levanta críticas sobre a simplificação excessiva de processos complexos.","EUA, Europa, África do Sul, África Subsaariana, Qatar, Índia, Coreia do Sul, Brasil, América Latina, Caribe",/home/ubuntu/research_summary/17_owDG6P63NsE62pH6S5BVqg_1764907886972_na1fn_L2hvbWUvdWJ1bnR1L3Jlc2VhcmNoX3N1bW1hcnk.md,
Telos e pensamento teleológico na filosofia aristotélica,"Telos e pensamento teleológico na filosofia aristotélica, com ênfase em sua aplicação na ética, metafísica e sua relevância em contextos empresariais modernos.",20,"O conceito central é o **Telos** (fim, finalidade, realização), que define o propósito inerente a todos os seres e processos. O **Pensamento Teleológico** aristotélico é a estrutura explicativa que postula que a natureza e a ação humana são orientadas para um fim. Na ética, o Telos humano é a **Eudaimonia** (florescimento, bem-viver), alcançada através da **Virtude** (*areté*) e da atividade racional. O Telos está intrinsecamente ligado à teoria do **Ato e Potência** (*Energeia* e *Dynamis*), onde o ato é o fim e a perfeição da potência. A teleologia aristotélica é **imanente**, residindo na própria natureza do objeto, e não é imposta externamente. O conceito encontra ressonância em **aplicações modernas**, como a ética nos negócios e a gestão, onde a definição de um propósito (Telos) e a busca pela excelência (Virtude) são valorizadas.","Brasil, EUA, Europa (Reino Unido, Portugal), Global",/home/ubuntu/research_summary/18_xrWrWYev68mWksEka8Mjva_1764907800451_na1fn_L2hvbWUvdWJ1bnR1L3Jlc2VhcmNoX3N1bW1hcnk.md,
Design Thinking e Human-Centered Design - abordagem centrada no usuário,Design Thinking e Human-Centered Design - A Abordagem Centrada no Usuário para Inovação,20,"A pesquisa estabeleceu que o **Human-Centered Design (HCD)** funciona como a **mentalidade** ou **filosofia** abrangente que prioriza o elemento humano — necessidades, desejos e contexto — no processo de inovação. O **Design Thinking (DT)** é a **metodologia** estruturada e iterativa que operacionaliza essa filosofia. O cerne de ambas as abordagens é a **Empatia**, que é a compreensão profunda e holística das pessoas para as quais as soluções estão sendo projetadas.

O processo de DT é tipicamente estruturado em uma sequência não-linear e iterativa, mais notoriamente articulada pelo modelo da Stanford d.school: **Empatizar, Definir, Idear, Prototipar e Testar**. Este processo é guiado por um conjunto de princípios, incluindo **Iteração**, **Colaboração** e **Pensamento Sistêmico**, garantindo que as soluções sejam não apenas desejáveis, mas também tecnologicamente viáveis e economicamente sustentáveis.

Os fundamentos teóricos desta abordagem estão enraizados na **""Ciência do Design""** proposta por Herbert Simon, que elevou o design a uma disciplina analítica focada em transformar situações existentes em situações preferíveis. Esta fundação é complementada pela ênfase no **pensamento visual** e na **prototipagem rápida** defendida por Robert McKim.

A aplicabilidade do DT/HCD é vasta, estendendo-se para além do design de produtos a desafios complexos em vários setores, incluindo **saúde**, **inovação social**, **serviços públicos** (em países como Singapura e Brasil), **finanças** e **manufatura** (alinhada com a Indústria 5.0). Uma fronteira contemporânea é a integração do HCD com a **Inteligência Artificial Generativa (IAG)**, onde os princípios do HCD são essenciais para garantir que as soluções de IA permaneçam éticas, centradas no ser humano e focadas nas necessidades reais do usuário.","EUA, Europa (Holanda), Ásia (Singapura, Indonésia), Brasil, Global (Consultoria, Pesquisa Acadêmica, Desenvolvimento)",/home/ubuntu/research_summary/19_ZtpLVsQ7BESlwxVyq0sbgt_1764907982025_na1fn_L2hvbWUvdWJ1bnR1L3Jlc2VhcmNoX3N1bW1hcnk.md,
