Subject,Área Temática,Total de Fontes Encontradas,Conceitos-Chave,Cobertura Geográfica,Resumo Detalhado da Pesquisa,Error
"Lean Startup e Customer Development (Eric Ries, Steve Blank)","Lean Startup e Customer Development (Eric Ries, Steve Blank)",20,"**Lean Startup (Eric Ries):** Ciclo Construir-Medir-Aprender (Build-Measure-Learn), Produto Mínimo Viável (MVP), Pivô, Contabilidade de Inovação.
**Customer Development (Steve Blank):** Metodologia de 4 passos (Descoberta, Validação, Criação de Clientes, Construção da Empresa), Teste de Hipóteses, ""Saia do Prédio"" (Get Out of the Building).
**Integração e Aplicações:** Sinergia com o Business Model Canvas (BMC) e Lean Canvas (Ash Maurya). Aplicação em grandes corporações (Corporate Entrepreneurship), superando desafios de resistência e cultura. Necessidade de maior integração com Metodologias Ágeis (AM) na literatura acadêmica.","EUA, Brasil, Europa (Itália), Global",/home/ubuntu/research_summary(1)/0_m3XQBREi6Chy0AHdYoxbDq_1764908335511_na1fn_L2hvbWUvdWJ1bnR1L3Jlc2VhcmNoX3N1bW1hcnk.md,
Design Sprint e metodologia Google Ventures,Design Sprint e Metodologia Google Ventures,18,"O Design Sprint é uma metodologia de cinco dias desenvolvida por Jake Knapp no Google e popularizada pela Google Ventures (GV), com o objetivo de responder a questões críticas de negócios através de design, prototipagem e testes rápidos com clientes.
*   **Estrutura Clássica (5 Dias):** Mapear (Segunda), Esboçar (Terça), Decidir (Quarta), Prototipar (Quinta) e Testar (Sexta).
*   **Vantagens:** Velocidade (comprime meses em uma semana), Foco (evita discussões longas), Redução de Risco (validação com usuários antes de grandes investimentos) e Pensamento Crítico Individual (esboços individuais em vez de brainstorming em grupo).
*   **Relação com Outras Metodologias:** É um compêndio de ferramentas do Design Thinking e serve como uma fase inicial de validação para projetos Agile.
*   **Aplicações:** Demonstra generalizabilidade, sendo aplicado em startups, desenvolvimento de software, serviços governamentais, saúde comportamental e educação em diversas regiões geográficas.","EUA, Brasil, América Latina, Ásia (Hong Kong, Índia, China), Europa (Finlândia)",/home/ubuntu/research_summary(1)/1_MXRj85ekBbk1AnRhPgcrpt_1764908365217_na1fn_L2hvbWUvdWJ1bnR1L3Jlc2VhcmNoX3N1bW1hcnk.md,
Jobs to Be Done (JTBD) framework - Clayton Christensen,Jobs to Be Done (JTBD) framework - Clayton Christensen,16,"O JTBD postula que clientes ""contratam"" produtos para realizar ""trabalhos"" (jobs) em suas vidas, focando na circunstância e no progresso desejado. Os principais conceitos incluem:
*   **Job to Be Done (Trabalho a Ser Feito):** O progresso fundamental que o cliente busca, sendo estável e duradouro (funcional, social e emocional).
*   **Contratação (Hiring):** A decisão de usar um produto para realizar o trabalho.
*   **Forças do Progresso:** Modelo de Bob Moesta (Push, Pull, Anxiety, Habit) que explica a dinâmica da decisão de compra.
*   **Job Stories:** Estrutura de requisitos (Quando [Situação], eu quero [Motivação], para que eu possa [Resultado Esperado]) que substitui as User Stories.
*   **Duas Escolas:** A Escola Christensen/Moesta (foco na circunstância e forças) e a Escola Ulwick/ODI (foco em resultados desejados e métricas quantificáveis).
*   **Aplicações Setoriais:** Uso em UX/Design, Engenharia de Requisitos, Saúde (gestão de doenças crônicas) e Educação (alinhamento da oferta ao progresso do estudante).","EUA, Brasil, Europa",/home/ubuntu/research_summary(1)/2_plDHk3Dcgx7AxToDCiUJKI_1764908410446_na1fn_L2hvbWUvdWJ1bnR1L3Jlc2VhcmNoX3N1bW1hcnk.md,
Blue Ocean Strategy e reconstrução de fronteiras de mercado,Blue Ocean Strategy e Reconstrução de Fronteiras de Mercado,18,"**Valor-Inovação:** Princípio central da BOS, buscando simultaneamente diferenciação e baixo custo. É a espinha dorsal da estratégia, visando criar um salto no valor para o comprador enquanto reduz a estrutura de custos.
**Reconstrução de Fronteiras de Mercado:** Estratégia para sair do ""oceano vermelho"" (competição) e criar um ""oceano azul"" (espaço de mercado inexplorado). É alcançada através dos Seis Caminhos (olhar para indústrias alternativas, grupos estratégicos, cadeia de compradores, ofertas complementares, apelo funcional/emocional e o tempo).
**Framework das Quatro Ações (ERRC Grid):** Ferramenta analítica para criar uma nova curva de valor. As ações são:
*   **Eliminar:** Fatores que a indústria considera essenciais, mas que não agregam valor ao novo mercado.
*   **Reduzir:** Fatores que devem ser mantidos, mas com um nível de investimento abaixo do padrão da indústria.
*   **Aumentar:** Fatores que devem ser elevados acima do padrão da indústria para aumentar o valor.
*   **Criar:** Fatores que a indústria nunca ofereceu, gerando nova demanda.
**Tela de Estratégia (*Strategy Canvas*):** Ferramenta de diagnóstico e ação que visualiza o perfil estratégico atual e futuro da empresa e dos concorrentes, permitindo a criação de uma nova curva de valor única.
**Foco em Não-Clientes:** A BOS direciona o foco para os não-clientes, expandindo a demanda e criando um novo mercado, em vez de competir por clientes existentes.","EUA, Europa (França, Portugal), Brasil, Ásia (Singapura)",/home/ubuntu/research_summary(1)/3_mbPRlULBInOWQQGI6E8xSe_1764908363253_na1fn_L2hvbWUvdWJ1bnR1L3Jlc2VhcmNoX3N1bW1hcnk.md,
Agile e Scrum - desenvolvimento iterativo orientado a valor,Agile e Scrum - desenvolvimento iterativo orientado a valor,18,"* **Agilidade e Scrum:** Framework leve e empírico que ajuda equipes a gerar valor através de soluções adaptativas para problemas complexos, fundamentado nos 4 Valores e 12 Princípios do Manifesto Ágil.
* **Desenvolvimento Iterativo e Incremental:** Entrega de software funcionando em ciclos curtos (Sprints), permitindo feedback contínuo, redução de riscos e adaptação rápida.
* **Orientação a Valor:** Princípio central que guia a priorização do trabalho (Product Backlog), focado em maximizar o valor entregue ao cliente e ao negócio.
* **Empirismo:** Base do Scrum, sustentado pelos pilares de Transparência, Inspeção e Adaptação, que promovem a tomada de decisão baseada na observação e experiência.
* **Auto-organização e Soft Skills:** Equipes multifuncionais e auto-organizadas, onde habilidades interpessoais como comunicação e colaboração são cruciais para a eficácia e maturidade do time.
* **Agilidade Organizacional e Aplicações Não-TI:** Evolução da agilidade de um framework de desenvolvimento de software para uma filosofia que abrange toda a organização, com casos de estudo demonstrando sua aplicação em áreas como vendas, RH, construção civil e projetos científicos.","EUA, Brasil, Portugal, Alemanha, Europa, Global",/home/ubuntu/research_summary(1)/4_ThUotA5GxOiOS3mafFNs6i_1764908358819_na1fn_L2hvbWUvdWJ1bnR1L3Jlc2VhcmNoX3N1bW1hcnlfZmluYWw.md,
Six Sigma e DMAIC para melhoria de processos,Six Sigma e DMAIC para melhoria de processos,17,"- **Six Sigma:** Estratégia gerencial e métrica estatística que visa a excelência na competitividade através da redução da variabilidade dos processos a um nível de 3,4 defeitos por milhão de oportunidades (DPMO).
- **DMAIC (Define, Measure, Analyze, Improve, Control):** Roteiro fundamental do Six Sigma, uma metodologia estruturada e baseada em dados para a melhoria de processos existentes.
- **DMAIC vs. DMADV/DFSS:** O DMAIC é reativo (melhoria de falhas), enquanto o DMADV (Design for Six Sigma) é proativo (criação de novos processos com qualidade Six Sigma).
- **Lean Six Sigma (LSS):** Integração do Six Sigma com o Lean Manufacturing, utilizando o DMAIC para combinar a redução de defeitos com a eliminação de desperdícios.
- **DMAIC 4.0:** Tendência de integração do DMAIC com tecnologias da Indústria 4.0 (IA, IoT, Big Data) para melhoria de processos em tempo real e preditiva.
- **Aplicações Setoriais:** O DMAIC é amplamente aplicado em Manufatura, Serviços Financeiros, Saúde, Logística, Setor Público, Recursos Humanos e Educação, demonstrando sua versatilidade para além da produção industrial.","Brasil, Índia, Taiwan (Ásia), Itália (Europa), EUA, Reino Unido (Europa)",/home/ubuntu/research_summary(1)/5_1fIneXs5POMz4GZH32t9wp_1764908623668_na1fn_L2hvbWUvdWJ1bnR1L3Jlc2VhcmNoX3N1bW1hcnk.md,
Balanced Scorecard e Strategy Maps (Kaplan & Norton),Balanced Scorecard e Strategy Maps (Kaplan & Norton),18,"O Balanced Scorecard (BSC) é um sistema de gestão estratégica que equilibra indicadores financeiros e não financeiros em quatro perspectivas: Financeira, Cliente, Processos Internos e Aprendizado e Crescimento. O Strategy Map (Mapa Estratégico) é a representação visual das relações de causa e efeito entre os objetivos estratégicos nas quatro perspectivas, tornando a estratégia explícita. O BSC evoluiu de um sistema de medição para um sistema de gestão estratégica completo. O framework é amplamente adaptado para o setor público, substituindo a perspectiva Financeira por uma de Valor para o Cidadão/Comunidade, e é crucial para o alinhamento estratégico da Tecnologia da Informação (TI).","EUA, Brasil, América Latina (Geral)",/home/ubuntu/research_summary(1)/6_sVsUKOEsM2hlYUturyl37z_1764908418817_na1fn_L2hvbWUvdWJ1bnR1L3Jlc2VhcmNoX3N1bW1hcnk.md,
Teoria das Restrições (Theory of Constraints) - Eliyahu Goldratt,Teoria das Restrições (Theory of Constraints - TOC) - Eliyahu Goldratt,20,"A Teoria das Restrições (TOC) é uma filosofia de gestão sistêmica que se baseia na premissa de que o desempenho de qualquer sistema complexo é limitado por um único fator, a **restrição**. A melhoria contínua deve focar na gestão e eliminação dessa restrição.

Os principais conceitos e _insights_ descobertos são:
*   **O Objetivo (_The Goal_):** O objetivo central de uma empresa é fazer dinheiro agora e no futuro.
*   **Métricas de Vazão (_Throughput Accounting_):** A TOC substitui a contabilidade de custos tradicional por três métricas de desempenho global: **Vazão (_Throughput_ - T)** (dinheiro gerado pelas vendas), **Estoque (_Inventory_ - I)** (dinheiro investido) e **Despesa Operacional (_Operating Expense_ - OE)** (dinheiro gasto para operar).
*   **Os Cinco Passos de Foco:** O ciclo de melhoria contínua da TOC: 1) Identificar a restrição; 2) Explorar a restrição; 3) Subordinar todo o resto à restrição; 4) Elevar a restrição; 5) Voltar ao passo 1 (evitando a inércia).
*   **Tambor-Pulmão-Corda (_Drum-Buffer-Rope_ - DBR):** Metodologia de programação de produção onde o ""Tambor"" é o ritmo da restrição, o ""Pulmão"" protege a restrição de interrupções e a ""Corda"" regula a liberação de material para o sistema.
*   **Corrente Crítica (_Critical Chain_):** Aplicação da TOC à gestão de projetos, focando na gestão de recursos e na proteção do projeto como um todo (Pulmão do Projeto) e dos _feeds_ (Pulmões de Alimentação), resultando em projetos mais rápidos e confiáveis.
*   **Processos de Raciocínio (_Thinking Processes_ - TP):** Conjunto de ferramentas lógicas (Árvore da Realidade Atual, Diagrama de Conflito, Árvore da Realidade Futura) para analisar problemas complexos e identificar restrições não-físicas (políticas ou paradigmas).
*   **Aplicações Setoriais:** A TOC se expandiu da **Manufatura** para **Serviços** (Logística, Bancos), **Saúde** (_Healthcare_) e **Cadeia de Suprimentos**, demonstrando ser uma filosofia de gestão universal.","EUA, Brasil, Nova Zelândia, Austrália, Reino Unido, Lituânia, Índia, China, Japão",/home/ubuntu/research_summary(1)/7_f8vYj2EOKQSBBl5TMEg0Fw_1764908530227_na1fn_L2hvbWUvdWJ1bnR1L3Jlc2VhcmNoX3N1bW1hcnk.md,
Value Proposition Design e Business Model Canvas (Osterwalder),Value Proposition Design e Business Model Canvas (Osterwalder),20,"*   **Business Model Canvas (BMC):** Framework visual de 9 blocos para descrever a lógica de criação, entrega e captura de valor de uma organização. É a base para a análise e o projeto de modelos de negócios, amplamente utilizado por empresas estabelecidas e consultores.
*   **Value Proposition Canvas (VPC):** Ferramenta complementar ao BMC, atuando como um ""zoom"" no bloco de Proposta de Valor. Seu foco é mapear o Perfil do Cliente (Tarefas, Dores, Ganhos) e o Mapa de Valor (Produtos/Serviços, Analgésicos, Criadores de Ganhos) para alcançar o **Product-Market Fit**.
*   **Críticas e Variações:** O BMC é objeto de críticas acadêmicas quanto à sua arquitetura fixa e sobreposições entre blocos. Tais limitações impulsionaram o desenvolvimento de variações como o **Lean Canvas** (focado em startups e validação de hipóteses) e o **Creative Business Model Canvas** (adaptado para a indústria criativa), demonstrando a adaptabilidade do conceito original.
*   **Aplicações Setoriais:** Os frameworks são aplicados em uma vasta gama de setores, incluindo tecnologia (Uber, Amazon), serviços públicos (setor de água no Brasil), bioeconomia (Amazônia) e artesanato (MPMEs de Batik na Indonésia), confirmando sua relevância global para inovação e desenvolvimento sustentável.","América do Norte (EUA), Europa (Suíça, Bélgica), América do Sul (Brasil), Ásia (Indonésia, Hong Kong)",/home/ubuntu/research_summary(1)/8_zARDpzL8lmpM9q4m1syc3K_1764908533219_na1fn_L2hvbWUvdWJ1bnR1L3Jlc2VhcmNoX3N1bW1hcnk.md,
Moonshot Thinking e X Thinking do Google X,Moonshot Thinking e X Thinking do Google X,20,"* **Moonshot Thinking (Filosofia 10X):** Abordagem de inovação radical que visa resolver problemas gigantescos com soluções radicais e tecnologia de ponta, buscando melhorias de 10x em vez de 10%. Os três pilares são: um problema enorme, uma solução radical e tecnologia de ponta.
* **X Thinking (The X Way):** Metodologia de inovação desenvolvida pelo Google X para gerenciar o alto risco e a incerteza dos projetos Moonshot. É um processo estruturado para falhar rapidamente e aprender com o fracasso.
* **Rapid Evaluation (Rapid Eval):** Estágio crucial do X Thinking, onde equipes multidisciplinares são encarregadas de identificar e testar os maiores riscos de uma ideia nas primeiras semanas, com o objetivo de ""matar"" ideias inviáveis rapidamente.
* **X Foundry:** Estágio de incubação para projetos Moonshot que sobreviveram ao Rapid Eval, focado em reduzir riscos não tecnológicos e desenvolver um plano de negócios testado pela realidade antes do *spin-out* como empresas independentes.
* **Polissemia do Termo 'X Thinking':** O termo 'X Thinking' também é utilizado em outros contextos, como em **X Thinking (Experiência de Marca)**, focado em experiências de cliente, e **X-Learning**, focado em aprendizagem experiencial, além da clássica **Theory X** de gestão.","EUA (Vale do Silício), Brasil (Rio de Janeiro), Europa (Portugal), China",/home/ubuntu/research_summary(1)/9_FoQnGiM0lOgsnfgtNQPoV3_1764908376019_na1fn_L2hvbWUvdWJ1bnR1L3Jlc2VhcmNoX3N1bW1hcnk.md,
Planejamento estratégico militar e OODA Loop (John Boyd),A Estratégia de John Boyd: OODA Loop e o Planejamento Estratégico em Ambientes de Alta Incerteza,18,"O OODA Loop (Observe, Orient, Decide, Act) é um modelo de tomada de decisão em ambientes de alta velocidade e incerteza, desenvolvido pelo Coronel John Boyd. A pesquisa revelou os seguintes conceitos e *insights* chave:

*   **Orientação como o Centro de Gravidade:** A fase de **Orientação** é o *schwerpunkt* (ponto de ênfase principal) do ciclo, sendo a etapa mais crítica. É nela que a informação observada é filtrada e contextualizada por modelos mentais, conhecimento pré-existente e vieses culturais/genéticos. A qualidade da Orientação determina a velocidade e a eficácia das decisões e ações subsequentes [1] [2] [15].
*   **Vantagem Competitiva de Tempo e Paralisia Estratégica:** O objetivo estratégico do OODA Loop é operar em um ritmo (*tempo*) mais rápido que o adversário. Ao completar o ciclo mais rapidamente, o oponente é forçado a reagir a eventos que já ocorreram, levando à sua **desorientação** e, em última instância, à **Paralisia Estratégica** [1] [6].
*   **Bases Científicas e Filosóficas:** A teoria de Boyd é fundamentada em conceitos de diversas disciplinas, incluindo a **Termodinâmica** (a necessidade de ser um sistema aberto para evitar o caos), os **Teoremas de Gödel** (a incompletude de qualquer modelo mental) e o **Princípio da Incerteza de Heisenberg** (a necessidade de visão holística em vez de foco excessivo em variáveis isoladas) [1] [5].
*   **Aplicações Multissetoriais:** O modelo transcendeu o campo militar, sendo amplamente aplicado em:
    *   **Estratégia Empresarial:** Onde a velocidade do ciclo OODA é considerada a vantagem competitiva definitiva [3].
    *   **Tecnologia e DevOps:** Utilizado como *framework* para **metodologia Ágil** e **melhoria contínua**, realimentado por testes e monitoramento [9] [13].
    *   **Gestão de Crises e Saúde:** Aplicado em ambientes de alto estresse, como emergências médicas e **gestão de desastres**, para acelerar a tomada de decisão [10] [11].
    *   **Segurança Cibernética:** Usado para estruturar a **resposta a incidentes**, permitindo que o defensor opere dentro do ciclo de decisão do atacante [17].
*   **O OODA Loop na Era da Inteligência Artificial:** A IA tem o potencial de automatizar e acelerar as etapas de **Observação** e **Decisão**. Contudo, a **Orientação** permanece um domínio humano essencial, exigindo julgamento e síntese de modelos complexos, o que gera um debate sobre a evolução do modelo para frameworks como o **Dynamic OODA Loop (DOODA Loop)** [14] [16].","EUA, Brasil, Europa (Reino Unido, Holanda), Austrália, Índia",/home/ubuntu/research_summary(1)/10_D6lMQIKhUEtpMx4eLcILYS_1764908510308_na1fn_L2hvbWUvdWJ1bnR1L3Jlc2VhcmNoX3N1bW1hcnk.md,
Arquitetura de Software e Domain-Driven Design,Arquitetura de Software e Domain-Driven Design (DDD),20,"- **Linguagem Ubíqua (Ubiquitous Language):** Linguagem comum e rigorosa, compartilhada entre especialistas de domínio e desenvolvedores, usada em todos os artefatos do projeto.
- **Contextos Delimitados (Bounded Contexts):** Limites explícitos dentro dos quais um modelo de domínio específico é definido e aplicado. Essencial para lidar com grandes sistemas e diferentes significados para os mesmos termos.
- **Mapa de Contexto (Context Map):** Documentação que descreve as relações entre os diferentes Contextos Delimitados.
- **Padrões Táticos:** Incluem **Entidades**, **Objetos de Valor**, **Agregados** (unidades de consistência transacional), **Serviços de Domínio** e **Repositórios**.
- **Domain Events:** Eventos que representam algo significativo que aconteceu no domínio, usados para comunicação assíncrona e integração.
- **Integração com Arquiteturas Modernas:** O DDD é fundamental para a modelagem de **Microsserviços**, onde cada serviço idealmente corresponde a um Contexto Delimitado.
- **Alinhamento Estratégico:** O DDD não é apenas uma técnica de design de código, mas uma abordagem que alinha a arquitetura de software diretamente com a estratégia e complexidade do negócio.
- **Domain Primitive:** Um refinamento do Objeto de Valor, promovido por especialistas como os da Alibaba Cloud, para garantir a validade e o significado de dados básicos do domínio.","EUA, Brasil, Europa (Holanda, Áustria), China",/home/ubuntu/research_summary(1)/11_4PgsAe77uU9XlzWwfE8ybj_1764908417092_na1fn_L2hvbWUvdWJ1bnR1L2RkZF9yZXNlYXJjaF9ub3Rlcw.md,
User Story Mapping e Product Roadmapping,User Story Mapping e Product Roadmapping,17,"*   **User Story Mapping (USM) como Ferramenta Tática e de Descoberta de Produto:** O USM é uma técnica visual bidimensional que transforma o *backlog* plano em um mapa hierárquico da jornada do usuário. Seu principal objetivo é promover o **entendimento compartilhado** (*shared understanding*) entre as equipes, focando na entrega de valor ao cliente e servindo como uma ferramenta de planejamento de *releases* de curto prazo (até 3 meses).
*   **Product Roadmapping (PRM) como Ferramenta Estratégica:** O PRM é uma ferramenta de comunicação de alto nível com um horizonte de tempo de 6 a 18 meses. Seu propósito é o **alinhamento estratégico** de *stakeholders* e a comunicação da visão e direção do produto.
*   **Integração e Complementaridade:** As duas práticas são complementares, não substitutas. O USM atua como uma ferramenta de **entrada** e **validação** para o PRM, garantindo que o *roadmap* estratégico esteja fundamentado em uma compreensão detalhada da experiência do usuário.
*   **Tendência para Roadmapping Orientado a Resultados (*Outcome-Based*):** Em mercados voláteis, há uma forte tendência, defendida por especialistas como Roman Pichler e Marty Cagan, de focar o *roadmap* em **resultados de negócio** (*outcomes*) (ex: aquisição, retenção) em vez de apenas em funcionalidades (*outputs*).
*   **Frameworks de Priorização:** A gestão do PRM é suportada por diversos frameworks de priorização (como RICE, Kano, MoSCoW e Weighted Scoring Model) que auxiliam na tomada de decisão sobre o que construir em seguida.","EUA, Europa, Brasil, África Subsaariana, Global",/home/ubuntu/research_summary(1)/12_ftgBfDZeudmlq0jaOxImHk_1764908398837_na1fn_L2hvbWUvdWJ1bnR1L3Jlc2VhcmNoX3N1bW1hcnk.md,
North Star Metric e Growth Hacking,North Star Metric e Growth Hacking,21,"A pesquisa sobre North Star Metric (NSM) e Growth Hacking (GH) revela que ambos são pilares fundamentais para a gestão de produtos e o crescimento acelerado em empresas de tecnologia e startups. Eles representam uma mudança de paradigma de métricas de vaidade para uma abordagem focada em valor e experimentação.

O Growth Hacking é uma **metodologia** e uma **mentalidade** que visa o crescimento rápido e escalável. Não se trata de um conjunto de táticas de marketing, mas sim de um **processo científico** e **orientado por dados** de experimentação contínua.
*   **Processo de Experimentação:** O GH é definido como um processo rigoroso de experimentação rápida em canais de marketing e desenvolvimento de produto para identificar as formas mais eficientes de crescimento. O ciclo de experimentação (Ideia -> Priorizar -> Testar -> Analisar) é central para a metodologia.
*   **Equipe Multifuncional:** O sucesso do GH depende de uma **equipe de crescimento (Growth Team)** multifuncional, que integra habilidades de marketing, engenharia, produto e análise de dados.
*   **Funil de Crescimento:** O framework mais associado ao GH é o **AARRR** (Acquisition, Activation, Retention, Referral, Revenue), também conhecido como Métricas Piratas, que fornece uma estrutura para medir e otimizar as diferentes fases da jornada do cliente.
*   **Ponte Estratégica:** Academicamente, o GH é visto como um mecanismo que **mitiga a tensão** e **preenche a lacuna** entre a definição da estratégia corporativa e sua execução prática.

A North Star Metric, ou Métrica Estrela-Guia, é a **métrica única** que melhor captura o **valor principal** que um produto ou serviço entrega aos seus clientes. Ela serve como o farol que guia todas as decisões e esforços da empresa.
*   **Foco e Alinhamento:** O principal objetivo da NSM é **unificar** e **alinhar** toda a organização (equipes de produto, engenharia, marketing) em torno de um único objetivo de crescimento sustentável.
*   **Indicador de Valor:** A NSM deve ser um **indicador líder** (leading indicator) de resultados de negócios, e não um indicador atrasado (lagging indicator) como a receita. Ela deve ser uma função de três componentes principais que representam o valor entregue: **Amplitude** (quantos usuários), **Frequência** (com que frequência usam) e **Profundidade** (o quão engajados estão).
*   **Evolução:** A NSM não é estática e deve **evoluir** conforme o modelo de negócio e o valor entregue mudam. O caso da Netflix, que migrou de ""número de DVDs alugados"" para ""tempo gasto assistindo a conteúdo de streaming"", é um exemplo clássico dessa evolução.
*   **Integração Metodológica:** O conceito de NSM está sendo integrado a outras metodologias de gestão, como o Scrum, onde pode ser usada para modelar o *Product Goal* e garantir que o desenvolvimento esteja focado no valor para o cliente.","EUA, Europa, América Latina (Brasil)",/home/ubuntu/research_summary(1)/13_EZ60zOBhgH4owbhuOe00SE_1764908414662_na1fn_L2hvbWUvdWJ1bnR1L3Jlc2VhcmNoX3N1bW1hcnk.md,
Impact Mapping e Outcome-Driven Innovation,Impact Mapping e Outcome-Driven Innovation (ODI),15,"**Impact Mapping (IM):** Técnica de planejamento colaborativo e visual que liga a estratégia de negócio (Por que) aos entregáveis (Como) através dos atores (Quem) e das mudanças de comportamento (O quê/Impacto). Foca em alinhar o desenvolvimento de produtos com o impacto desejado.
**Outcome-Driven Innovation (ODI):** Processo de inovação baseado na teoria Jobs-to-be-Done (JTBD), que busca identificar e quantificar as necessidades insatisfeitas do cliente, expressas como **Outcomes** (resultados mensuráveis, estáveis e independentes da solução). Utiliza o Algoritmo de Oportunidade para priorizar áreas de inovação.
**Jobs-to-be-Done (JTBD):** Teoria fundamental que postula que os clientes ""contratam"" produtos e serviços para realizar um ""trabalho"" (job) de forma mais eficiente. O ODI é a operacionalização do JTBD.
**Diferença Central:** IM é uma ferramenta de planejamento estratégico que foca no **Impacto** (mudança de comportamento), enquanto ODI é um processo de pesquisa e inovação que foca nos **Outcomes** (necessidades mensuráveis) para guiar o desenvolvimento de produtos. Ambos priorizam resultados em vez de *outputs* (entregáveis).","EUA, Europa (Reino Unido, Alemanha), Ásia (Coreia do Sul)",/home/ubuntu/research_summary(1)/14_Y5s982DZgQEsdbT1OoXkdy_1764908405662_na1fn_L2hvbWUvdWJ1bnR1L3Jlc2VhcmNoX3N1bW1hcnk.md,
