Subject,Área Temática,Total de Fontes,Conceitos-Chave,Cobertura Geográfica,Resumo da Pesquisa,Error
Neurociência da autorregulação e controle executivo,"Neurociência da Autorregulação e Controle Executivo: Fundamentos, Modelos Comportamentais e Perspectivas Sistêmicas",15,"Neurociência da Autorregulação; Controle Executivo (Inibição, Memória de Trabalho, Flexibilidade Cognitiva); Córtex Pré-Frontal (CPF) e Controle Top-Down; Teorias do Processo Dual (Sistema 1 e Sistema 2); Modelo Planner-Doer (Thaler & Shefrin); Modelo Dual-Self (Fudenberg & Levine); Neuroeconomia da Escolha Intertemporal; Sistemas Adaptativos Complexos (SAC) e Autorregulação.","América do Norte (EUA), Europa, Pesquisa Global em Neurociência e Economia Comportamental",/home/ubuntu/research_summary(5)/0_pqdv3wDGyrblwJwWl7IEXZ_1765029041452_na1fn_L2hvbWUvdWJ1bnR1L3Jlc2VhcmNoX3N1bW1hcnk.md,
"Dopamina, recompensa e motivação - circuitos neurais","Neurociência da Dopamina, Recompensa e Motivação, e Frameworks Avançados da Economia Comportamental (RPE, IST, Teoria da Perspectiva, Escolha Intertemporal)",15,"A pesquisa se concentra na intersecção entre neurociência e economia comportamental, destacando o papel multifacetado da dopamina (DA) e os frameworks sistêmicos de tomada de decisão. Os principais conceitos e teorias incluem: **Erro de Predição de Recompensa (RPE)**, que é o sinal fundamental da DA no Aprendizado por Reforço (RL); **Teoria da Sensibilização Incentiva (IST)**, que dissocia o ""querer"" (motivação, DA-dependente) do ""gostar"" (prazer); **Decisão Baseada em Esforço (Effort-Based Decision Making)**, onde a DA atua na avaliação de custo/benefício e na motivação ativacional; **Modelo de Sistemas Duais** para **Escolha Intertemporal (IC)** e **Desconto Hiperbólico**, que mapeia a preferência por valor imediato para o estriado ventral; **Teoria da Perspectiva (Prospect Theory)** e **Aversão à Perda**, com evidências de codificação neuronal e modulação dopaminérgica; e a **Arbitragem Model-Based vs. Model-Free**, onde a DA promove o controle orientado a objetivos. O **Pensamento Sistêmico** é representado pelo **Framework Neuroeconômico** (5 processos de decisão) e pelos **Motivos de Circuitos Neurais** (Linhas Rotuladas, Ganho Neuromodulatório) para o processamento de valência.","Global (Estudos em Primatas, Humanos e Modelos Computacionais)",/home/ubuntu/research_summary(5)/1_vvh0VbObvBg6roeZltV45C_1765029064533_na1fn_L2hvbWUvdWJ1bnR1L3Jlc2VhcmNoX3N1bW1hcnk.md,
Habit loops e ganglios da base (basal ganglia),"Neurociência Cognitiva, Economia Comportamental e Pensamento Sistêmico Aplicados à Formação de Hábito e aos Gânglios da Base",15,"A área de estudo é fundamentada na **dissociação funcional dos Gânglios da Base**, onde o **Estriado Dorsomedial (DMS)** suporta ações **orientadas a objetivos** (goal-directed) e o **Estriado Dorsolateral (DLS)** suporta o **hábito** (inflexível e automático). O principal framework teórico é a **Teoria de Sistemas Duais**, formalizada pela **Neuroeconomia** e pelo **Aprendizado por Reforço (RL)**, que distingue entre o **RL Baseado em Modelo** (deliberativo) e o **RL Livre de Modelo** (habitual), com o cérebro empregando um **Modelo de Arbitragem Neural** para decidir qual sistema controla o comportamento. Conceitos avançados incluem o **Chunking de Ações** (agrupamento de sequências motoras para eficiência) e o **Modelo Neuroeconômico 'Neural Autopilot'** (hábito como economia de esforço cognitivo). A evidência robusta se concentra na **insensibilidade à desvalorização do resultado** como o marcador definitivo do hábito.","América do Norte (EUA, Canadá), Europa (Reino Unido, Alemanha, Holanda)",/home/ubuntu/research_summary(5)/2_2lHw7xCy5RvPlLXimAtbXf_1765028908325_na1fn_L2hvbWUvdWJ1bnR1L3Jlc2VhcmNoX3N1bW1hcnk.md,
Prefrontal cortex e planejamento de longo prazo,"Neurociência, Economia Comportamental e Sistemas: Córtex Pré-Frontal e Planejamento de Longo Prazo",18,Córtex Pré-Frontal (CPF) como substrato do controle cognitivo e planejamento de longo prazo; Hierarquia Rostro-Caudal do CPF (gradiente de abstração); Modelo de Sistemas Duplos (Sistema Impulsivo vs. Sistema Deliberativo); Desconto Quase-Hiperbólico ($\beta-\delta$) e Inconsistência Temporal; Mecanismos de Comprometimento; Pensamento Futuro Episódico (EFT); Aprendizado por Reforço Hierárquico (HRL); Pensamento Sistêmico e Flexibilidade Cognitiva.,"América do Norte (EUA), Europa (Reino Unido, Alemanha, França)",/home/ubuntu/research_summary(5)/3_oXo9sVXsTFbyA1wUDJaOO5_1765029188811_na1fn_L2hvbWUvdWJ1bnR1L3Jlc2VhcmNoX3N1bW1hcnk.md,
Amygdala hijack e tomada de decisão emocional,"Neurociência, Economia Comportamental Avançada e Sistemas de Tomada de Decisão Emocional",18,Amygdala Hijack (Sequestro da Amígdala); Teoria do Processo Dual (Sistema 1 e Sistema 2); Hipótese do Marcador Somático (SMH); Neuroeconomia; Teoria da Perspectiva; Interação Amígdala-Córtex Pré-Frontal (CPF); Regulação Emocional.,"América do Norte (EUA), Europa (Reino Unido, Suíça, Alemanha, Holanda)",/home/ubuntu/research_summary(5)/4_6xbm1PByXRCGsSCJnQsLLc_1765028657211_na1fn_L2hvbWUvdWJ1bnR1L3Jlc2VhcmNoX3N1bW1hcnk.md,
"Behavioral economics de compromisso (Ariely, Laibson, Thaler)","Economia Comportamental do Compromisso: Fundamentos Teóricos, Modelos Conceituais e Evidências Seminais (Ariely, Laibson, Thaler)",16,Dispositivos de Compromisso (Commitment Devices); Desconto Quase-Hiperbólico ($\beta-\delta$); Inconsistência Temporal; Modelo Planner-Doer (Planejador-Executor); Problema de Agência Interno; Prazos Autoimpostos (Self-imposed Deadlines); Neurociência do Autocontrole (Córtex Pré-frontal vs. Sistema Límbico); Pensamento Sistêmico em Economia Comportamental.,"América do Norte (EUA), Europa (Reino Unido, Alemanha), Estudos Globais",/home/ubuntu/research_summary(5)/5_wth9EOGgArx2gGzmYAVv7m_1765028649347_na1fn_L2hvbWUvdWJ1bnR1L3Jlc2VhcmNoX3N1bW1hcnk.md,
Hyperbolic discounting e inconsistência temporal,"Neurociência, Economia Comportamental Avançada e Modelos Conceituais de Escolha Intertemporal",18,Desconto Hiperbólico (DH); Inconsistência Temporal (Time Inconsistency); Modelo Quase-Hiperbólico ($\beta-\delta$); Modelo de Sistema Dual (Sistema 1 Impulsivo/Límbico e Sistema 2 Deliberativo/Córtex Pré-Frontal); Mecanismos de Compromisso (Commitment Mechanisms); Neuroeconomia; Meta-análise e Evidências Empíricas Robustas da Relação entre DH e Habilidade Cognitiva.,"Global (América do Norte, Europa, América do Sul)",research_summary.md,
Mental accounting e segregation of temptation,"Neurociência, Economia Comportamental Avançada e Pensamento Sistêmico aplicados aos mecanismos de autocontrole e tomada de decisão financeira.",20,"A **Contabilidade Mental (Mental Accounting)**, desenvolvida por Richard Thaler, é o conjunto de operações cognitivas que viola o princípio da fungibilidade do dinheiro, categorizando fundos com base em sua origem ou uso. A **Segregação da Tentação** é uma estratégia de autocontrole inerente à Contabilidade Mental, manifestada na **Hipótese do Ciclo de Vida Comportamental (BLCH)** através da **""Hierarquia de Localizações de Dinheiro""**. O **Modelo Planejador-Executor (Planner-Doer)**, de Thaler e Shefrin, fornece a estrutura de múltiplos-eus para modelar o conflito de autocontrole. A **Neurociência** apoia esses modelos através da **Teoria do Processo Dual**, mapeando o conflito entre o sistema impulsivo (Executor, sistema límbico) e o sistema de planejamento (Planejador, Córtex Pré-Frontal, especialmente dlPFC e mPFC). O **Pensamento Sistêmico** é aplicado ao analisar o indivíduo como um sistema hierárquico de tomada de decisão.","América do Norte, Europa, Ásia",/home/ubuntu/research_summary(5)/7_QFhBkR3F4DvscnDyVWgvO1_1765028791396_na1fn_L2hvbWUvdWJ1bnR1L3Jlc2VhcmNoX3N1bW1hcnk.md,
Nudge theory aplicada a contextos pessoais,"Teoria do Nudge aplicada à tomada de decisão em contextos pessoais, com foco em fundamentos teóricos, neurocientíficos e sistêmicos.",20,"Nudge (Empurrão), Paternalismo Libertário, Arquitetura de Escolha, Racionalidade Limitada (Bounded Rationality), Teoria do Processo Dual (Sistema 1 e Sistema 2), Teoria do Prospecto (Prospect Theory), Aversão à Perda, Neuroeconomia, Desconto Hiperbólico, Pensamento Sistêmico.","América do Norte (Estados Unidos, Canadá), Europa Ocidental (Reino Unido, Alemanha, Itália, Suíça, Holanda), Ásia (Japão, China, Índia)",/home/ubuntu/research_summary(5)/8_bUfMJqrCKTSrBj76aFRf49_1765028683412_na1fn_L2hvbWUvdWJ1bnR1L3Jlc2VhcmNoX3N1bW1hcnk.md,
Choice architecture e default effects,"Economia Comportamental Avançada, Neurociência Cognitiva da Decisão e Pensamento Sistêmico Aplicado à Arquitetura de Escolha.",20,"Choice Architecture; Default Effects; Paternalismo Libertário; Mecanismos de Particionamento (Esforço, Endosso Implícito, Endowment); Neurociência Cognitiva (fMRI, Atenção Limitada, Carga Cognitiva); Preferências Construídas; Pensamento Sistêmico; Efeitos Downstream (Spillover).","Global (EUA, Europa, Ásia - Japão), com foco em estudos de economia comportamental e neurociência.",/home/ubuntu/research_summary(5)/9_mJvKfsq6KSVL17mFO1aLpF_1765028771910_na1fn_L2hvbWUvdWJ1bnR1L3Jlc2VhcmNoX3N1bW1hcnk.md,
Friction e convenience em design comportamental,Neurociência e Economia Comportamental Avançada: Fundamentos Teóricos de Friction e Convenience em Design Comportamental.,19,"Fricção (Friction), Conveniência (Convenience), Sludge (Lodo), Tomada de Decisão Baseada em Esforço (ECDM), Modelo de Custo-Benefício Neural, Custo de Oportunidade Cognitivo, Minimização de Esforço, Teoria do Processo Dual (Sistema 1 e 2), Modelo Fuzzy-Trace, Carga Cognitiva, Papel da Dopamina no Esforço.","Global (EUA, Europa, Brasil)",/home/ubuntu/research_summary(5)/10_h3F1kGvsXbSEZSNGvPxnmB_1765028676139_na1fn_L2hvbWUvdWJ1bnR1L3Jlc2VhcmNoX3N1bW1hcnk.md,
Systems thinking aplicado a mudança pessoal,Pensamento Sistêmico Aplicado à Mudança Pessoal: Fundamentos em Neurociência e Economia Comportamental Avançada,18,"Teoria do Processo Dual (Sistemas 1 e 2), Neuroeconomia, Controle Cognitivo (CPF), Neurociência do Hábito (DLS/DMS), Autorregulação, Teoria da Perspectiva (Aversão à Perda, Framing Effect), Escolha Intertemporal (Desconto Hiperbólico), Teoria dos Sistemas Dinâmicos (DST), Teoria Cibernética (Feedback Loops), Modelo COM-B (Capacidade, Oportunidade, Motivação), Teoria DSRP (Distinções, Sistemas, Relações, Perspectivas), Dinâmica de Sistemas Comportamentais (BehSD), Conformidade Social.","Global (Revisões Sistemáticas, Meta-análises, Estudos de Neurociência e Economia Comportamental)",/home/ubuntu/research_summary(5)/11_StQ1qmfKNCvrcgGjO9cktJ_1765029037890_na1fn_L2hvbWUvdWJ1bnR1L3Jlc2VhcmNoX3N1bW1hcnk.md,
Feedback loops e sistemas adaptativos complexos,Fundamentos Teóricos e Metodológicos de Feedback Loops e Sistemas Adaptativos Complexos na Neurociência e Economia Comportamental Avançada,15,Sistemas Adaptativos Complexos (CAS); Feedback Loops (Reforçadores e Balanceadores); Neuroeconomia; Economia Comportamental da Complexidade; Pensamento Sistêmico (i-frame vs. s-frame); Racionalidade Limitada; Teoria do Processamento Dual (Sistema 1 e Sistema 2); Hipótese do Colapso da Dopamina; Aversão à Perda; Agentes Heterogêneos; Padrões Emergentes; Causalidade Circular.,"Global (EUA, Europa, Brasil, China)",/home/ubuntu/research_summary(5)/12_Ru2dCgzh3jUzsNPXqByHp9_1765028920356_na1fn_L2hvbWUvdWJ1bnR1L3Jlc2VhcmNoX3N1bW1hcnk.md,
Leverage points em sistemas pessoais (Donella Meadows),"Pensamento Sistêmico, Neurociência Cognitiva e Economia Comportamental Aplicada à Mudança de Mindset",15,"Os principais conceitos e frameworks teóricos identificados incluem a **Hierarquia de Pontos de Alavancagem** (Leverage Points) de Donella Meadows, com ênfase nos níveis mais altos de **Mindset/Paradigma** e o **Poder de Transcender Paradigmas**. A **Economia Comportamental** contribui com a **Teoria do Processo Dual** (Sistemas 1 e 2 de Kahneman), que explica a natureza automática e intuitiva do comportamento, sendo o Sistema 1 o principal alvo de intervenção. A **Neurociência Cognitiva** e a **Neuroeconomia** fornecem o fundamento empírico, explorando a **Escolha Baseada em Valor** e os mecanismos neurais subjacentes à tomada de decisão, permitindo a identificação de **Pontos de Alavancagem Neurocognitivos**. O **Pensamento Sistêmico** é o framework integrador, complementado pelo conceito de **Inteligência Sistêmica (SI)**, que é definido como uma competência e um mindset que permite a interação produtiva com sistemas complexos e a busca por **Pontos de Alavancagem Sistêmicos** para a mudança pessoal e social. Outros conceitos relevantes são a **Cognição Incorporada (Embodied Cognition)** e a **Análise de Sistemas Comportamentais (Behavioral Systems Analysis)**.","Global (América do Norte, Europa, Escandinávia), com foco em literatura acadêmica internacional de alto impacto.",/home/ubuntu/research_summary(5)/13_1lsM84knMRvnZNyva9Vzfq_1765028893528_na1fn_L2hvbWUvdWJ1bnR1L3Jlc2VhcmNoX3N1bW1hcnk.md,
Teoria de sistemas e homeostase comportamental,"Teoria de Sistemas e Homeostase Comportamental, com foco em fundamentos neurocientíficos e modelos conceituais da Neuroeconomia.",15,"Os principais conceitos, teorias e frameworks identificados são: **Teoria Geral de Sistemas (TGS)** (Bertalanffy), que estabelece o organismo como um sistema aberto; **Homeostase** (Cannon), como regulação reativa; **Alostase** (Sterling, McEwen), como regulação preditiva e adaptativa, e seu custo, a **Carga Alostática**; **Homeostase Comportamental** (Richter, Eisenstein), que estende a regulação ao domínio da ação; **Neuroeconomia** (Camerer, Loewenstein, Prelec), que integra a neurociência à tomada de decisão econômica; e modelos avançados como o **Princípio da Homeostase Energética (EHP)** (Vergara) e a **Inferência Interoceptiva** (Seth, Friston), que fornecem *frameworks* computacionais e neurocientíficos para a regulação sistêmica e a tomada de decisão. Estes conceitos convergem para um entendimento sistêmico e dinâmico da regulação biológica e comportamental.","Global (Estados Unidos, Europa, América Latina)",/home/ubuntu/research_summary(5)/14_Mc5vV0fqr5g58FJP05IJOi_1765028733874_na1fn_L2hvbWUvdWJ1bnR1L3Jlc2VhcmNoX3N1bW1hcnk.md,
