Subject,Área Temática,Total de Fontes,Conceitos-Chave,Cobertura Geográfica,Resumo da Pesquisa,Error
Intention-action gap e implementation intentions (Peter Gollwitzer),"Psicologia da Motivação e Volição, com foco em estratégias de autorregulação para superar a lacuna entre a intenção e a ação (Intention-Action Gap).",15,Lacuna Intenção-Ação (Intention-Action Gap); Intenções de Implementação (Implementation Intentions - IIs); Modelo Rubicon das Fases de Ação; Mecanismos de Automaticidade e Acessibilidade; Contraste Mental com Intenções de Implementação (MCII/WOOP).,"Global (Pesquisas em Psicologia Social, Saúde, Educação e Comportamento Pró-Ambiental, com origem principal em centros de pesquisa na Europa e América do Norte)",/home/ubuntu/research_summary(2)/0_DQKvvZR3zDOp9yCsuhi1lf_1764970277060_na1fn_L2hvbWUvdWJ1bnR1L3Jlc2VhcmNoX3N1bW1hcnk.md,
Commitment devices e precommitment strategies na economia comportamental,Dispositivos de Compromisso e Estratégias de Pré-Compromisso na Economia Comportamental e Psicologia do Autocontrole,10,Commitment Devices; Precommitment Strategies; Desconto Hiperbólico (Hyperbolic Discounting); Inconsistência Temporal; Modelo de Múltiplos Eus (Dual-Self Model); Contratos de Depósito (Deposit Contracts); Agrupamento de Tentação (Temptation Bundling); Sofisticação e Ingenuidade (Sophistication and Naivete),"América do Norte (EUA, Canadá); Europa (Reino Unido, Alemanha); Global (Estudos de campo em países em desenvolvimento)",/home/ubuntu/research_summary(2)/1_JvVlzpU5l52n4JbmM36u9l_1764970274108_na1fn_L2hvbWUvdWJ1bnR1L3Jlc2VhcmNoX3N1bW1hcnk.md,
Accountability systems e social contracts para mudança comportamental,"Psicologia Social e Economia Comportamental Aplicada à Mudança de Comportamento, com foco em Sistemas de Responsabilização (Accountability Systems) e Contratos Sociais (Social Contracts).",17,"Os principais conceitos, teorias e frameworks identificados são: Dispositivos de Compromisso (Commitment Devices), Contratos Psicológicos (Psychological Contracts), Sistemas de Responsabilização (Accountability Systems), Responsabilização Autônoma, Teoria do Compromisso, Teoria da Autodeterminação e Teoria Cognitiva Social.","Global, América do Norte, Europa, Brasil, América Latina",/home/ubuntu/research_summary(2)/2_d6JMrnvUmCFQ7ci2Pv43UZ_1764970317858_na1fn_L2hvbWUvdWJ1bnR1L3Jlc2VhcmNoX3N1bW1hcnk.md,
Self-regulation theory e ego depletion (Roy Baumeister),"Psicologia Social, Psicologia Cognitiva e Economia Comportamental: Autorregulação e Esgotamento do Ego (Roy Baumeister)",15,"Teoria da Autorregulação (SRT), Modelo de Força do Autocontrole (Strength Model), Esgotamento do Ego (Ego Depletion), Recurso Limitado (Willpower), Conservação de Recursos, Treinamento de Força de Vontade, Afirmação de Valores.","Estados Unidos, Europa Ocidental, Austrália",/home/ubuntu/research_summary(2)/3_xkrKxA5qalmtaNyxuAPIvP_1764970148468_na1fn_L2hvbWUvdWJ1bnR1L3Jlc2VhcmNoX3N1bW1hcnk.md,
Goal setting theory vs goal striving - o gap entre planejar e executar,Psicologia da Motivação e Volição: O Gap entre o Estabelecimento de Metas (Goal Setting) e a Execução (Goal Striving),18,"Goal Setting Theory (GST), Goal Striving, Lacuna Intenção-Ação (Intention-Action Gap), Intenções de Implementação (Implementation Intentions), Contraste Mental com Intenções de Implementação (MCII), Teoria do Controle da Autorregulação (Control Theory of Self-Regulation), Modelo Rubicon de Fases de Ação, Teoria do Controle da Ação (Action Control Theory), Volição, Autorregulação.","Global, com foco em pesquisa psicológica e comportamental (EUA, Europa)",/home/ubuntu/research_summary(2)/4_ItaAmdNv46tRmXRJQwDCRw_1764970186567_na1fn_L2hvbWUvdWJ1bnR1L3Jlc2VhcmNoX3N1bW1hcnk.md,
"Habit formation frameworks (Wendy Wood, BJ Fogg Behavior Model)",Psicologia Comportamental e Social: Frameworks Teóricos e Metodologias de Formação de Hábitos e Superação da Lacuna Intenção-Comportamento.,20,"Hábito como Associação Contexto-Resposta (Wood); Modelo B=MAP (Motivação, Habilidade, Prompt) de Fogg; Processos Duais (Automático vs. Deliberativo); Lacuna Intenção-Comportamento; Intenções de Implementação (Planos Se-Então); Framework WOOP (Contraste Mental); Autorregulação Externa; Simplicidade (Fogg); Força do Hábito (Gardner).","América do Norte (EUA); Europa (Reino Unido, Alemanha, Holanda)",/home/ubuntu/research_summary(2)/5_gspeK3xsojeMEjxRHpZy66_1764970298639_na1fn_L2hvbWUvdWJ1bnR1L3Jlc2VhcmNoX3N1bW1hcnk.md,
Environmental design e choice architecture (Thaler & Sunstein),"Conceitos Teóricos, Frameworks e Metodologias Não-Tecnológicas sobre Arquitetura de Escolha (Thaler & Sunstein) e Design Ambiental.",16,Arquitetura de Escolha (Choice Architecture); Paternalismo Libertário (Libertarian Paternalism); Design Ambiental (Environmental Design); Affordances (Permissividades); Crime Prevention Through Environmental Design (CPTED); Taxonomia de Técnicas de Mudança de Comportamento (BCTs); Gap Intenção-Comportamento; Infraestrutura de Escolha.,"Global, com foco em pesquisas da América do Norte e Europa (EUA, Reino Unido, Alemanha, Holanda)",/home/ubuntu/research_summary(2)/6_FMf4R4kld6HHiYsZCmjlIZ_1764970343025_na1fn_L2hvbWUvdWJ1bnR1L3Jlc2VhcmNoX3N1bW1hcnk.md,
Temporal discounting e present bias em tomada de decisão,Economia Comportamental e Psicologia da Decisão: Desconto Temporal e Viés do Presente em Escolha Intertemporal,18,"Desconto Temporal Hiperbólico, Viés do Presente, Inconsistência Dinâmica, Modelo Dual-Self (Planner-Doer), Picoeconomia, Mecanismos de Comprometimento, Teoria do Nível de Construção (CLT), Teoria da Perspectiva Temporal, Continuidade do Eu Futuro, Intenções de Implementação, Pensamento Episódico Futuro (EFT), Teoria da Autorregulação Temporal (TST), Entrevista Motivacional.","Global, Estados Unidos, Europa, Brasil (referências conceituais)",/home/ubuntu/research_summary(2)/7_bf3g3MGgxgUucRtRYHfMWL_1764970254785_na1fn_L2hvbWUvdWJ1bnR1L3Jlc2VhcmNoX3N1bW1hcnk.md,
Loss aversion e sunk cost fallacy em manutenção de comportamentos,,,,,,"LLMError
[LLMError] Error<[11131]NO_OUTPUT>

Details:
  result: ""{\""error\"":{\""type\"":\""invalid_request_error\"",\""message\"":\""Error\\u003c[11131]NO_OUTPUT\\u003e\"",\""code\"":\""11131\""}}""
  receivedChunkCount: ""0""
  eventNum: ""254""
  handlerId: ""main""
  eventType: ""systemForceAgentCheck""
  sessionId: ""9MsjlyFYSqL4ovr6ilZTuU""
  eventId: ""bHVQUOFJ0iWL1mbaLf206B""

Tags:
  type: ""invalid_request_error""
  code: ""11131""
  messages: ""Error<[11131]NO_OUTPUT>""
  requestId: ""9MsjlyFYSqL4ovr6ilZTuU-main-yunuXxJri9-2""
  eventNum: ""254""
  recoverable: true
  handlerId: ""main""
  eventType: ""systemForceAgentCheck""
  sessionId: ""9MsjlyFYSqL4ovr6ilZTuU""
  eventId: ""bHVQUOFJ0iWL1mbaLf206B""
  userId: ""310419663028917153"""
Identity-based behavior change e self-concept theory,"Psicologia Social, Psicologia da Personalidade, Economia Comportamental e Psicologia da Saúde, com foco em mecanismos de autorregulação e manutenção do comportamento.",20,Motivação Baseada na Identidade (IBM); Teoria do Self (Carl Rogers); Esquemas do Self (Hazel Markus); Selves Possíveis (Markus & Nurius); Teoria da Discrepância do Self (E. Tory Higgins); Modelo de Mudança de Comportamento Baseado na Identidade Social (SIMBC); Hábitos Baseados na Identidade (James Clear),"Estados Unidos (E.U.A.), Reino Unido (R.U.), Global (publicações acadêmicas)",/home/ubuntu/research_summary(2)/9_xJTpk5uFZY466GoDzmQ1aN_1764970295213_na1fn_L2hvbWUvdWJ1bnR1L3Jlc2VhcmNoX3N1bW1hcnk.md,
Social support theory e peer accountability,"Psicologia Social, Economia Comportamental e Metodologias de Intervenção Humana (Coaching e Mentoria) aplicadas ao Suporte Social e Responsabilidade entre Pares.",20,Teoria do Suporte Social (Modelos de Buffering e Efeito Principal); Responsabilidade entre Pares (Peer Accountability); Suporte Estrutural e Funcional; Teoria da Autodeterminação (SDT); Teoria Social Cognitiva; Teoria da Comparação Social; Coaching de Grupo; Mentoria; Filosofia Ubuntu.,"América do Norte (EUA, Canadá), Europa, Ásia (Bangladesh), África (África do Sul)",/home/ubuntu/research_summary(2)/10_6TIj4tmyjXnygIBL3JOwfK_1764970178263_na1fn_L2hvbWUvdWJ1bnR1L3Jlc2VhcmNoX3JlcG9ydA.md,
Coaching frameworks e estruturas de mentoria,"Conceitos Teóricos, Frameworks e Metodologias de Coaching e Mentoria com Foco em Fundamentos Psicológicos e Comportamentais",16,"Teoria da Autodeterminação (SDT), Teoria Cognitiva Social (SCT), Modelo Transteórico de Mudança (TTM), Economia Comportamental (Nudging), Modelo GROW, Coaching Focado em Soluções (SFC), Coaching Cognitivo-Comportamental (CCC), Dynamic Team Leadership Coaching, Teoria da Mudança Intencional (ICT), Autoeficácia, Necessidades Psicológicas Básicas (Autonomia, Competência, Relacionamento)","Portugal, Global, Brasil, África do Sul, Reino Unido, Europa",/home/ubuntu/research_summary(2)/11_AzA6XOFunelRNPGLPaMfnI_1764970376841_na1fn_L2hvbWUvdWJ1bnR1L3Jlc2VhcmNoX3N1bW1hcnk.md,
"Behavioral economics de compromisso (Ariely, Laibson)",Economia Comportamental do Compromisso (Behavioral Economics of Commitment) e Autogoverno (Self-Control),20,Desconto Quase-Hiperbólico ($\beta-\delta$); Viés Presente (Present Bias); Inconsistência Dinâmica; Dispositivos de Compromisso (Commitment Devices); Compromissos Rígidos (Hard Commitments); Compromissos Suaves (Soft Commitments); Modelo Planejador-Executor (Planner-Doer Framework); Pré-Compromisso por Prazos; Compromisso Público/Social; Terapia de Aceitação e Compromisso (ACT).,"Estados Unidos, Europa, África (Malawi)",/home/ubuntu/research_summary(2)/12_p21u5y8MikXDzevqlr5GOS_1764970386620_na1fn_L2hvbWUvdWJ1bnR1L3Jlc2VhcmNoX3N1bW1hcnlfZmluYWw.md,
Default options e friction em design comportamental,"Design Comportamental, Economia Comportamental e Psicologia da Decisão: Default Options e Friction.",14,"Default Options (Opções Padrão), Friction (Fricção), Sludge (Lama), Arquitetura de Escolha (Choice Architecture), Nudge Theory (Teoria do Nudge), Viés do Status Quo, Efeito Padrão, Aversão à Perda, Racionalidade Limitada, Framework EAST.","Global (EUA, Europa, Brasil)",/home/ubuntu/research_summary(2)/13_1zdJpb71NTzQwZT7y8dphX_1764970141329_na1fn_L2hvbWUvdWJ1bnR1L3Jlc2VhcmNoX3N1bW1hcnk.md,
Monitoring e feedback loops theory,"Teorias de Autorregulação, Cibernética e Pensamento Sistêmico aplicadas ao Monitoramento e Loops de Feedback.",15,"O estudo se concentra na **Teoria de Controle** (Carver & Scheier) e na **Teoria Social Cognitiva** (Bandura), que estabelecem o **loop de feedback de redução de discrepância** como o mecanismo central da **autorregulação** humana, mediado pela **autoeficácia** e pelo **auto-monitoramento**. Os *frameworks* conceituais incluem o modelo cibernético **T.O.T.E.** (Miller, Galanter & Pribram), a distinção entre **Aprendizagem em Loop Simples e Duplo** (Argyris & Schön) e a **Teoria da Discrepância do Self** (Higgins). As metodologias práticas não-tecnológicas destacam o papel do **Feedback** na **Teoria da Definição de Metas** (Locke & Latham), a automação da ação via **Intenções de Implementação** (Gollwitzer), o **Scaffolding** (Vygotsky) e a **Avaliação Formativa** (Black & Wiliam). O **Pensamento Sistêmico** (Meadows & Forrester) fornece a base para a compreensão dos *loops* de **balanceamento** e **reforço** em sistemas sociais.","América do Norte, Europa",/home/ubuntu/research_summary(2)/14_VsaIieRoLsK5z7uVKJOApz_1764970258296_na1fn_L2hvbWUvdWJ1bnR1L3Jlc2VhcmNoX3N1bW1hcnlfZmluYWw.md,
