Subject,Área Temática,Total de Fontes,Conceitos-Chave,Cobertura Geográfica,Resumo da Pesquisa,Error
Por que resoluções de ano novo falham - pesquisas e meta-análises,"Análise das causas do fracasso das resoluções de Ano Novo sob a ótica de teorias psicológicas (autocontrole, intenção-ação), sociológicas (sistemas sociais, institucionalismo) e antropológicas (falha ritual).",20,"Os principais conceitos e frameworks teóricos que explicam o fracasso das resoluções de Ano Novo incluem a **Teoria do Esgotamento do Ego** (autocontrole como recurso limitado), a **Teoria da Intenção de Implementação** (falha na transição intenção-ação), a **Teoria do Processo de Normalização (NPT)** (falha na incorporação de novas práticas em sistemas), a **Teoria da Atribuição** (impacto da interpretação da falha na persistência), a **Teoria da Dissonância Cognitiva** (reinterpretação da meta após o fracasso), a **Sociologia da Falha** (falha como fenômeno socialmente construído), a **Teoria da Desorganização Social** (falha das instituições sociais em apoiar a mudança), a **Falha Ritual** (falha do rito de passagem do Ano Novo) e a influência das **Dimensões Culturais** (desajuste entre metas individualistas e culturas coletivistas).","Global, Teoria Geral, Cross-cultural, Suécia, Holanda, Estados Unidos",/home/ubuntu/research_summary(4)/0_AOAwTt9NMI8T0NjOb4Evrl_1765026974878_na1fn_L2hvbWUvdWJ1bnR1L3Jlc2VhcmNoX3N1bW1hcnk.md,
Implementation failure em programas de saúde pública,"Falha de Implementação em Programas de Saúde Pública sob Perspectivas Sociológicas, Psicológicas e Antropológicas",15,"Os principais conceitos e frameworks identificados incluem a **Teoria do Processo de Normalização (NPT)**, que analisa o trabalho de integração de novas práticas na rotina; a **Teoria das Lógicas Institucionais**, que explica a falha pelo conflito entre lógicas concorrentes (e.g., burocrática vs. profissional); e a **Avaliação Realista**, que utiliza as **Configurações Contexto-Mecanismo-Resultado (CMO)** para entender o porquê da falha. No campo psicossocial, destacam-se a **Teoria do Comportamento Planejado (TPB)** e o **Framework Determinante Teórico (TDF)**, que focam em barreiras de nível individual. A perspectiva antropológica é representada pelos **Modelos Explicativos de Doença (EMI)** de Kleinman e pela necessidade de **Adaptação Cultural** para superar barreiras socioculturais. A **Cultura Organizacional**, a **Liderança** e o papel do **Poder e Política** são reconhecidos como fatores contextuais cruciais que determinam o sucesso ou a falha da implementação.","Global (Revisões Sistemáticas), América do Norte, Europa, África Subsaariana, Ásia (Sudeste Asiático e Ásia Central)",/home/ubuntu/research_summary(4)/1_zMbEeUptOCGJN6rXhF1YCB_1765027304975_na1fn_L2hvbWUvdWJ1bnR1L3Jlc2VhcmNoX3N1bW1hcnk.md,
Aderência a tratamentos médicos e medication compliance,"Aderência a tratamentos médicos e medication compliance sob a perspectiva psicossocial, sociológica e cultural, com foco em teorias e frameworks não-tecnológicos.",15,"Cinco Dimensões da Aderência (OMS); Modelo de Crenças em Saúde (HBM); Teoria do Comportamento Planejado (TCP); Modelo de Senso Comum (CSM); Teoria da Autoeficácia/Teoria Cognitiva Social (SCT); Necessity-Concerns Framework (NCF); Modelo Transteórico (TTM); Modelo de Habilidades de Informação-Motivação-Comportamento (IMB); Modelo COM-B (Capability-Opportunity-Motivation-Behavior); Determinantes Sociais da Saúde (DSS); Antropologia Médica e ""Schismogenics Médicos""; Estigma e Discriminação como barreiras psicossociais; Barreiras Institucionais e Sistêmicas.","Global, com estudos de caso e revisões sistemáticas abrangendo Europa (Espanha), Caribe (Barbados), África Subsaariana (Nigéria) e Sudeste Asiático (Tailândia).",/home/ubuntu/research_summary(4)/2_8UHWWCnS4SeVHhq60pjWsC_1765027216379_na1fn_L2hvbWUvdWJ1bnR1L3Jlc2VhcmNoX3N1bW1hcnk.md,
Dropout rates em programas de exercício e dieta,Taxas de Abandono (Dropout) e Falhas de Implementação em Programas de Dieta e Exercício: Uma Análise Teórica e Sociocultural.,15,"A falha de adesão e o abandono em programas de dieta e exercício são explicados por uma convergência de frameworks psicológicos, sociológicos e de implementação. Conceitos-chave incluem a **Teoria do Comportamento Planejado (TPB)** e o *intention-behavior gap*; a **Teoria Social Cognitiva (SCT)**, focada na autoeficácia e nas expectativas de resultado; e a **Teoria da Autodeterminação (SDT)**, que associa o abandono à motivação controlada e à frustração das necessidades psicológicas básicas (autonomia, competência, relacionamento). Em uma perspectiva estrutural, a **Teoria da Prática Social (SPT)** e a **Teoria do Capital de Bourdieu** (Capital Cultural Incorporado) explicam a falha como um resultado de **barreiras estruturais** e **normas sociais** que limitam a agência individual. A **Ciência da Implementação** e o **Framework EquIR** destacam a falha institucional em considerar os **Determinantes Sociais da Saúde (DSS)** e a **dimensão cultural** (Antropologia da Alimentação), resultando em intervenções não-sustentáveis e que exacerbam as desigualdades.","Brasil, Dinamarca, Holanda, México (população Maia), Estados Unidos, e revisões sistemáticas e meta-análises com foco predominante em países de alta renda da Europa e América do Norte.",/home/ubuntu/research_summary(4)/3_bBdC6fhPGk6p8RGB0VrOJ0_1765027279746_na1fn_L2hvbWUvdWJ1bnR1L3Jlc2VhcmNoX3N1bW1hcnk.md,
Cultura de execução em organizações de alta performance,"Conceitos teóricos, frameworks e metodologias sobre Cultura de Execução em organizações de alta performance, com foco em fatores sociológicos, psicológicos e institucionais.",17,"Cultura Organizacional, Falha de Implementação, Teoria Institucional, Burocracia de Nível de Rua, Teoria da Autoeficácia, Teoria da Fixação de Metas, Comprometimento Organizacional, Resistência à Mudança, Dimensões Culturais (Hofstede/Trompenaars), Sociologia Organizacional, Psicologia Social.","Global, Brasil, América do Norte, Europa, Ásia (Estudos Cross-Culturais)",research_sources/resumo_analise_detalhada.md,
Diferenças culturais em autodisciplina (Ocidente vs Oriente),"Análise das diferenças culturais (Ocidente vs. Oriente) na autodisciplina e autorregulação, com foco em modelos psicológicos, frameworks sociológicos e estruturas institucionais não-tecnológicas.",20,"Os principais conceitos e frameworks abordados incluem os **Modelos Culturais do Self** (Self Independente e Self Interdependente), que definem a natureza da autodisciplina como um traço individual (Ocidente) ou uma competência socialmente mediada (Oriente). O framework de **Individualismo-Coletivismo** é central para mapear essas variações. Teorias como a **Teoria do Autocontrole** (Self-Control Theory) e a **Autorregulação Interpessoal** explicam como a autodisciplina é desenvolvida e mantida, seja por motivação interna (força de vontade) ou por obrigações sociais (estratégia). A pesquisa também distingue entre **Autocontrole Atitudinal** e **Autocontrole Comportamental**, e examina o papel das **Estruturas Institucionais** e da **Socialização Parental** na formação de diferentes padrões de autorregulação e na atribuição de **Falhas de Implementação**.","Ocidente (Estados Unidos, Europa Ocidental); Oriente (China, Japão, Coreia)",/home/ubuntu/research_summary(4)/5_sKSwdctlDNymPclIy14pIo_1765026862051_na1fn_L2hvbWUvdWJ1bnR1L3Jlc2VhcmNoX3N1bW1hcnk.md,
Sistemas de suporte social em culturas coletivistas,"Análise teórica e conceitual dos sistemas de suporte social em culturas coletivistas, focando nas estruturas sociais, psicológicas e institucionais (não-tecnológicas) e nas falhas de implementação de modelos de intervenção social e reformas institucionais.",20,"Individualismo vs. Coletivismo (I-C) de Hofstede, Suporte Social (Social Support) Implícito vs. Explícito, Coletivismo Vertical e Horizontal (Triandis/Gouveia), Capital Social, Falha de Implementação (Implementation Failure) em sistemas sociais não-tecnológicos, Análise Institucional e Isomorfismo.","Leste Asiático, América Latina, Oriente Médio, África, Estudos Cross-Culturais",/home/ubuntu/research_summary(4)/6_dFTdzDcew0NVIT5kTkayQK_1765026796758_na1fn_L2hvbWUvdWJ1bnR1L3Jlc2VhcmNoX3N1bW1hcnk.md,
Papel da família e comunidade na mudança comportamental,"O Papel da Família e Comunidade na Mudança Comportamental: Teorias, Frameworks e Falhas de Implementação",17,"Teoria dos Sistemas Ecológicos (Bronfenbrenner), Modelo Socioecológico (SEM), Teoria da Ação Planejada (TAP), Norma Subjetiva, Teoria Social Cognitiva (TSC), Teoria da Identidade Social (TIS), Teoria da Estruturação (Giddens), Dualidade da Estrutura, Teoria Institucional, Isomorfismo (Coercitivo, Mimético, Normativo), Teoria da Reprodução Social (Bourdieu/Lahire), Habitus, Capital Cultural, Capital Social (Putnam, Coleman), Adaptação Cultural de Intervenções, Burocratas de Nível de Rua (BNR).","Brasil, Portugal, Global/Cross-Cultural, Estados Unidos/Europa Ocidental",/home/ubuntu/research_summary(4)/7_j4T2m7AQHr6IJD2rrTMEMA_1765027477361_na1fn_L2hvbWUvdWJ1bnR1L3Jlc2VhcmNoX3N1bW1hcnlfZmluYWw.md,
Monges e sistemas monásticos como estruturas de disciplina,"Análise Sociológica e Psicológica de Estruturas Institucionais de Disciplina Não-Tecnológica, com foco em Sistemas Monásticos e suas implicações para a Teoria da Falha de Implementação.",15,Disciplina e Normalização (Foucault); Práticas Disciplinares e Formação do Sujeito (Asad); Teoria Institucional (Meyer & Rowan) com Isomorfismo e Desacoplamento (*Decoupling*); Ascetismo e Autocontrole; Instituição Total Voluntária (Sundberg); Sociologia da Falha.,"Europa Ocidental, América do Norte, Ásia (Mianmar, Tailândia, China), Múltiplas Culturas/Global",/home/ubuntu/research_summary(4)/8_cMCtcVf8cNZssX3RAYCo2l_1765026829156_na1fn_L2hvbWUvdWJ1bnR1L2FuYWxpc2VfbW9uYXN0aWNpc21vX2Rpc2NpcGxpbmE.md,
Programas de 12 passos (AA) e accountability em grupo,Programas de 12 Passos (AA) e Accountability em Grupo: Falhas de Implementação e Perspectivas Culturais,20,Accountability como Mecanismo de Aplicação de Normas (Tetlock); Teia de Accountability (Accountability Web) e Variação Cultural (Gelfand); Falha de Implementação (Stame) e Falta de Ajuste (Birken); Coesão de Grupo e Universalidade (Kelly); Transformação Social do Self (Gallo-Treacy); Rito de Passagem e Ritual Terapêutico; Accountability Institucional Descentralizada (12 Tradições); Liberdade e Compulsão (Sartreana); Barreiras Culturais (Vederhus); Adaptação Cultural (Anderson); Controle Social (Hoffmann); Teoria da Troca Social (Brown); Segurança Psicológica e Accountability (Latessa),"Estados Unidos, Noruega, América Latina, Global (Meta-análise)",/home/ubuntu/research_summary(4)/9_OuRkwI4DaVegafCPkjxhtd_1765026957474_na1fn_L2hvbWUvdWJ1bnR1L3Jlc2VhcmNoX3N1bW1hcnk.md,
Grupos de apoio e peer support - evidências de eficácia,"Grupos de Apoio e Peer Support: Conceitos Teóricos, Evidências de Eficácia, Falhas de Implementação e Perspectivas Culturais e Institucionais.",15,"Os principais conceitos e frameworks teóricos que explicam a eficácia e as falhas dos grupos de apoio e peer support incluem o **Princípio da Terapia do Ajudante (HTP)**, que postula que o ato de ajudar é terapêutico para o próprio ajudante, e a **Teoria da Identidade Social (SIT)**, que enfatiza a importância da identificação grupal para o aumento da autoeficácia e do suporte mútuo. A **Teoria da Troca Social (SET)**, informada pela Teoria dos Recursos, descreve a troca de apoio emocional e informação experiencial como o mecanismo terapêutico central. No campo da implementação, a **Lacuna de Implementação (Policy-Implementation Gap)** e a **Teoria Institucional** apontam para fatores estruturais e institucionais como as principais causas de falha, como expectativas otimistas, governança dispersa e resistência burocrática. A **Perspectiva Antropológica** complementa, argumentando que a falha é uma ""miopia frente ao social"" que ignora a dimensão cultural (valores, crenças) do problema. A eficácia é medida em termos de **Recuperação Pessoal** (empoderamento e autodeterminação) e **Recuperação Clínica** (redução de sintomas). A **Teoria dos Sistemas Sociais (Luhmann)** oferece uma visão alternativa, tratando a falha como uma ""perturbação"" funcional para a auto-observação do sistema.","Brasil, Estados Unidos, Reino Unido, Alemanha, Uganda, Tanzânia, Israel, Índia",/home/ubuntu/research_summary(4)/10_9s2alK7NmPFPIoIyfZCKIz_1765027610365_na1fn_L2hvbWUvdWJ1bnR1L3Jlc2VhcmNoX3N1bW1hcnk.md,
Cultura corporativa e sistemas de performance management,"Cultura Corporativa e Sistemas de Gestão de Desempenho: Análise Teórica das Falhas de Implementação sob Perspectivas Psicológicas, Sociológicas e Culturais.",20,"Os principais conceitos e frameworks incluem: Três Níveis da Cultura Organizacional (Schein), Cultura como Metáfora Raiz (Smircich/Geertz), Dimensões Culturais Nacionais (Hofstede e Trompenaars), Novo Institucionalismo Sociológico (Isomorfismo), Teoria da Estruturação (Giddens), Teoria do Habitus (Bourdieu), Teoria da Ação Comunicativa (Habermas), Processos Cognitivos e Vieses (Teoria da Atribuição), Teoria da Equidade e Justiça Organizacional, Poder/Conhecimento (Foucault), Performativos Falhados (Critical Management Studies) e Meta-análise de Falhas de Implementação.","Global, Internacional, Brasil, Gana, EUA, Alemanha, Reino Unido, França, Portugal",/home/ubuntu/research_summary(4)/11_upZNoX4vtCWf8qCiVYQhNi_1765027298355_na1fn_L2hvbWUvdWJ1bnR1L3Jlc2VhcmNoX3N1bW1hcnk.md,
Military discipline e estruturas hierárquicas de accountability,"Teoria da disciplina militar, estruturas hierárquicas de accountability, falhas de implementação em contextos institucionais não-tecnológicos, e a influência de fatores psicológicos, sociológicos e culturais (obediência, burocracia, distância do poder).",15,Disciplina Militar; Accountability Hierárquica; Falha de Implementação; Autoridade Legal-Racional (Max Weber); Burocracia; Obediência à Autoridade (Experimento de Milgram); Estado Agente (Agentic State); Desobediência Prosocial; Dimensões Culturais de Hofstede (Distância do Poder); Cultura Organizacional; Falha Institucional; Lacuna de Implementação (Implementation Gap); Sociologia Militar.,"Global (Teorias Sociológicas e Psicológicas); Europa (Alemanha, Portugal); Oriente Médio (Israel); América do Norte (EUA); Ásia (Estudos Cross-Culturais)",/home/ubuntu/research_summary(4)/12_RtUhrXoNwxjM7KoTyQyUrt_1765027010917_na1fn_L2hvbWUvdWJ1bnR1L3Jlc2VhcmNoX3N1bW1hcnk.md,
Educational systems e estruturas de suporte ao aprendizado,"Sistemas Educacionais, Falhas de Implementação de Políticas e Perspectivas Socioculturais e Institucionais.",15,"Nova Teoria Institucional (Mitos Institucionais, Desacoplamento, Isomorfismo Coercitivo, Mimético e Normativo); Teoria da Atuação (Policy Enactment Theory, Burocracia de Nível de Rua, Tradução da Política); Teorias da Reprodução Social (Capital Cultural, Habitus); Teoria Sociocultural (Zona de Desenvolvimento Proximal - ZDP); Resistência Cultural e Institucional.","Brasil, Reino Unido, Zâmbia, Tailândia, Porto Rico, Global (análise teórica)",/home/ubuntu/research_summary(4)/13_goLmZ634Q1UY8tsuiXJpWs_1765027315202_na1fn_L2hvbWUvdWJ1bnR1L3Jlc2VhcmNoX3N1bW1hcnk.md,
Religião e práticas espirituais como sistemas de disciplina,"Religião e práticas espirituais como sistemas de disciplina: Fundamentos teóricos, frameworks sociológicos e psicológicos, e análise das falhas de implementação em estruturas institucionais.",20,Disciplina Moral e Coesão Social (Durkheim); Disciplina Ascética e Racionalização da Conduta (Weber); Poder Disciplinar e Anatomopolítica (Foucault); Estilo Interpretativo e Persistência na Falha (Johnston); Teoria da Sinalização Custosa; Psicologia Cultural e Variabilidade Cultural; Crítica Institucional e Culpabilização Individual.,"Europa Ocidental, América do Norte, Global",/home/ubuntu/research_summary(4)/14_G2RutxiclF0Kj8Tn4Eigmq_1765026854976_na1fn_L2hvbWUvdWJ1bnR1L3Jlc2VhcmNoX3N1bW1hcnk.md,
