Subject,Área Temática,Total de Fontes,Conceitos-Chave,Cobertura Geográfica,Resumo da Pesquisa,Error
Estruturas de accountability em contextos organizacionais vs pessoais,"Estruturas de accountability (prestação de contas e responsabilidade) em contextos organizacionais e pessoais, com foco em teorias psicológicas, frameworks conceituais e metodologias não-tecnológicas.",15,"A pesquisa se concentrou em três pilares conceituais da prestação de contas: **Accountability Sentida** (*Felt Accountability*), que é a percepção psicológica de ser avaliado por um público externo; **Auto-Accountability** (*Self-Accountability*), que representa a internalização da necessidade de justificação, baseada em teorias como a Dissonância Cognitiva e a Autodeterminação; e **Accountability Relacional** (*Relational Accountability*), que expande o conceito para a interconexão e responsabilidade mútua em sistemas sociais e de equipe. Os frameworks práticos não-tecnológicos identificados incluem o **Coaching de Grupo** e a **Dinâmica de Grupo**, que atuam como estruturas humanas para fomentar a accountability mútua e externa, distinguindo-se da mera **Responsibility** (*Responsabilidade*).","América do Norte, Europa, Global",/home/ubuntu/research_summary(3)/0_ZxK0lq0NPWvsVtwdKfqgdJ_1765025686103_na1fn_L2hvbWUvdWJ1bnR1L3Jlc2VhcmNoX3N1bW1hcnk.md,
Mastermind groups e peer coaching frameworks,"Conceitos Teóricos, Frameworks e Metodologias de Mastermind Groups e Peer Coaching (Grupos de Desenvolvimento de Pares)",15,"Peer Development Groups (PDGs), Teoria da Autodeterminação (SDT), Teoria Cognitiva Social (SCT), Autoeficácia, Fatores Terapêuticos de Yalom (Universalidade, Coesão, Altruísmo), Inteligência Coletiva, Princípio Master-Mind (Sinergia), Comunidades de Prática (CoP), Action Learning (L=P+Q), Peer Coaching Relacional, Princípios de Parceria (Igualdade, Escolha, Voz, Reflexão)","Estados Unidos, Reino Unido, Europa (Geral), Contexto Global (Teorias Fundamentais)",/home/ubuntu/research_summary(3)/1_QiYJi5WJS2L9JPCv6Vnpcv_1765026346341_na1fn_L2hvbWUvdWJ1bnR1L3Jlc2VhcmNoX3N1bW1hcnk.md,
"Sistemas de revisão periódica e retrospectivas (Agile, Scrum aplicados à vida)","Sistemas de Autorregulação, Revisão Periódica e Retrospectivas: Fundamentos em Psicologia Comportamental, Cognitiva e Frameworks de Aprendizagem Contínua.",16,"O estudo da revisão periódica e retrospectivas é fundamentado em conceitos centrais da **Autorregulação** e do **Feedback**. As teorias psicológicas incluem a **Teoria da Definição de Metas** (Locke & Latham), que estabelece o feedback como essencial para o ajuste de esforço; a **Teoria do Controle** (Carver & Scheier), que modela a revisão como um circuito de feedback negativo (TOTE); e a **Teoria Cognitiva Social** (Bandura), que liga a reflexão à **Autoeficácia**. O processo de aprendizado é descrito pela **Aprendizagem de Ciclo Duplo** (Argyris), que foca na mudança de pressupostos subjacentes, e pelo **Ciclo de Aprendizagem Experiencial** (Kolb). A sustentabilidade é abordada pela **Teoria da Autodeterminação** (Deci & Ryan) e pela **Teoria da Autorregulação Temporal** (Hall & Fong), que lida com o **Viés do Presente** (Laibson). Metodologias práticas não-tecnológicas incluem o **Ciclo PDCA** (Deming), o **Ciclo Reflexivo de Gibbs** e o **Modelo GROW** (Whitmore), que fornecem estruturas para a aplicação da **Metacognição** (Flavell) e a formulação de **Intenções de Implementação** (Gollwitzer) como plano de ação.","América do Norte (EUA, Canadá), Europa (Reino Unido, Holanda, Alemanha)",/home/ubuntu/research_summary(3)/2_ANnloqorSwn8AIG6rDFm7G_1765025887452_na1fn_L2hvbWUvdWJ1bnR1L3Jlc2VhcmNoX3N1bW1hcnk.md,
Rituais e routines como estruturas de suporte comportamental,"Conceitos teóricos, frameworks e metodologias sobre rituais e rotinas como estruturas de suporte comportamental, com foco em teorias psicológicas, economia comportamental, antropologia e sociologia.",20,"Rituais, Rotinas, Hábitos, Regulação Emocional, Ansiedade, Coping, Criação de Significado (Meaning-Making), Coesão Social, Ritos de Passagem, Liminaridade, Communitas, Rotinas Familiares, Rotinas Organizacionais, Frameworks de Suporte Comportamental Não-Tecnológico.",Global; América do Norte; Europa; Brasil (referências em português); Estudos Transculturais,/home/ubuntu/research_summary(3)/3_Ffb8nourW4KJl7NDjn7ezv_1765025798545_na1fn_L2hvbWUvdWJ1bnR1L3Jlc2VhcmNoX3N1bW1hcnk.md,
External scaffolding e cognitive offloading para metas,"Psicologia Cognitiva e Social, Economia Comportamental e Teoria da Definição de Metas em Contextos Não-Tecnológicos.",13,"External Scaffolding (Andaimes Externos); Cognitive Offloading (Descarga Cognitiva); Scaffolding Social (Coaching, Mentoria); Memória Transativa (TMS); Dispositivos de Compromisso (Commitment Devices); Nudge Theory; Arquitetura de Escolha; Intenções de Implementação; Teoria da Autoeficácia (Persuasão Social); Teoria da Definição de Metas (GST); Internalização; Inconsistência Temporal.","Global (EUA, Europa, Brasil, Ásia)",/home/ubuntu/research_summary(3)/4_Tuc3skPaFXNOfJAQofq3en_1765025842940_na1fn_L2hvbWUvdWJ1bnR1L3Jlc2VhcmNoX3N1bW1hcnk.md,
Contratos comportamentais e Ulysses contracts,"Contratos comportamentais e Contratos de Ulisses: Fundamentos teóricos, frameworks conceituais e metodologias de pré-compromisso e autocontrole na economia comportamental, psicologia e ética.",20,"Contratos de Ulisses (Ulysses Contracts), Pré-Compromisso (Precommitment), Inconsistência Temporal (Time Inconsistency), Desconto Hiperbólico (Hyperbolic Discounting), Modelo Planejador-Executor (Planner-Doer Model), Picoeconomia (Picoeconomics), Contratos Comportamentais (Behavioral Contracts), Contratos de Contingência (Contingency Contracts), Diretivas de Auto-Vinculação (Self-binding directives), Condicionamento Operante, Autonomia e Ética.","Global, América do Norte, Europa Ocidental",/home/ubuntu/research_summary(3)/5_sQsDPyVgeYlq4I8t7Ozh4n_1765025995916_na1fn_L2hvbWUvdWJ1bnR1L3Jlc2VhcmNoX3N1bW1hcnk.md,
Buddy systems e accountability partners - evidências,Psicologia Social e Comportamental Aplicada em Estruturas de Suporte Interpessoal (Buddy Systems e Accountability Partners),20,Teoria das Dinâmicas de Metas Transativas (TGD); Accountability de Pares; Grupos de Desenvolvimento de Pares (PDGs); Teoria da Definição de Metas (GST); Teoria Cognitiva Social (SCT); Locus de Controle; Suporte Social; Interdependência de Metas; Autorregulação Diádica.,"Global (EUA, Europa, Estudos Transculturais)",/home/ubuntu/research_summary(3)/6_PGST8qITSXnDm81rZ9ajI6_1765025780537_na1fn_L2hvbWUvdWJ1bnR1L3Jlc3Vtb19wZXNxdWlzYV9idWRkeV9hY2NvdW50YWJpbGl0eQ.md,
"Frameworks de coaching profissional (ICF, GROW model)",Fundamentos Teóricos e Evidências Científicas dos Frameworks de Coaching Profissional (ICF e Modelo GROW),16,"Modelo GROW (Goal, Reality, Options, Will/Way Forward), Competências Essenciais da ICF, Psicologia Humanista (Carl Rogers, Abordagem Centrada na Pessoa), Teoria da Autodeterminação (SDT), Teoria do Controle, Teoria da Autorregulação, Coaching Cognitivo-Comportamental (CBC), Coaching Focado na Solução (SFBC), Teoria do Desenvolvimento Adulto e Evidências Científicas (Meta-análises de RCTs)","Global, Europa (Holanda, Reino Unido), América do Norte",/home/ubuntu/research_summary(3)/7_wj5vtFmIsuBCvGVVKwi5FA_1765026013812_na1fn_L2hvbWUvdWJ1bnR1L3Jlc2VhcmNoX3N1bW1hcnlfZHJhZnQ.md,
Teoria da autodeterminação e motivação intrínseca vs extrínseca,Teoria da Autodeterminação e Motivação Intrínseca vs Extrínseca (Psicologia e Economia Comportamental),18,"Teoria da Autodeterminação (SDT); Motivação Intrínseca; Motivação Extrínseca (Regulação Externa, Introjetada, Identificada, Integrada); Necessidades Psicológicas Básicas (Autonomia, Competência, Relacionamento); Teoria da Avaliação Cognitiva (CET); Teoria da Integração Organísmica (OIT); Teoria das Orientações de Causalidade (COT); Teoria das Necessidades Psicológicas Básicas (BPNT); Teoria dos Conteúdos de Metas (GCT); Estilo de Suporte à Autonomia.","Global (EUA, Europa, Brasil)",/home/ubuntu/research_summary(3)/8_GoeWSmLuF6M74hBzV3rw1k_1765025709491_na1fn_L2hvbWUvdWJ1bnR1L3Jlc2VhcmNoX3N1bW1hcnk.md,
Sistemas de incentivos e punições em mudança comportamental,"Sistemas de incentivos e punições em mudança comportamental: Fundamentos teóricos, frameworks psicológicos e de economia comportamental.",15,"Os principais conceitos e frameworks identificados abrangem as bases do **Condicionamento Operante** (reforço e punição) e a evolução para modelos cognitivos e sociais. A **Teoria Social Cognitiva** introduz o **reforço vicário** e a **auto-regulação** mediada pela **autoeficácia**. A **Teoria da Autodeterminação** enfatiza a **qualidade da motivação** e o risco de incentivos externos minarem a **motivação intrínseca**. Da **Economia Comportamental**, a **Teoria da Perspectiva** e a **Aversão à Perda** destacam a eficácia do **enquadramento de perda** como desincentivo. Frameworks organizacionais como a **Teoria da Equidade** (percepção de justiça) e a **Teoria da Expectância** (valência e instrumentalidade) explicam a motivação em contextos sociais. Modelos integrativos como o **Modelo Transteórico (TTM)** e o **Modelo COM-B** fornecem metodologias para aplicar o **Gerenciamento de Reforço** de forma contextualizada ao estágio de mudança do indivíduo. A **Teoria do Foco Normativo** e a **Teoria da Troca Social** complementam, abordando o papel das **normas sociais** e da **reciprocidade** como incentivos e punições não-monetários.",Global (Teorias universais da psicologia e economia comportamental),/home/ubuntu/research_summary(3)/9_cPrUmPAE0nsZGfHyHuOHiV_1765025814565_na1fn_L2hvbWUvdWJ1bnR1L3Jlc2VhcmNoX3N1bW1hcnk.md,
Cognitive behavioral therapy (CBT) frameworks para mudança,Frameworks de Terapia Cognitivo-Comportamental (TCC) e Modelos Conceituais de Mudança Comportamental (Psicologia e Economia Comportamental),19,Terapia Cognitivo-Comportamental (TCC); Terapia Baseada em Processos (PBT); Modelo Cognitivo de Beck; Terapia Comportamental Racional-Emotiva (REBT); Terapia de Aceitação e Compromisso (ACT); Flexibilidade Psicológica; Terapia Comportamental Dialética (DBT); Teoria Biossocial; Terapia Cognitiva Baseada em Mindfulness (MBCT); Metacognição; Terapia do Esquema (ST); Esquemais Iniciais Desadaptativos; Terapia Focada na Compaixão (CFT); Sistema de Regulação da Ameaça/Acalento; Modelo Transteórico (TTM); Estágios de Mudança; Teoria Social Cognitiva (TSC); Autoeficácia; Entrevista Motivacional (MI); Terapia Interpessoal (IPT); Reestruturação Cognitiva; Experimentos Comportamentais; Análise Funcional.,"América do Norte, Europa, Brasil (América do Sul), Global (Revisões Sistemáticas)",/home/ubuntu/research_summary(3)/10_ZK1jvmh3Hzv4dEvpax1wrx_1765025782115_na1fn_L2hvbWUvdWJ1bnR1L3Jlc2VhcmNoX3N1bW1hcnk.md,
Acceptance and Commitment Therapy (ACT) e valores pessoais,"Terapia de Aceitação e Compromisso (ACT), Flexibilidade Psicológica e o Papel dos Valores Pessoais na Ciência Comportamental Contextual",15,"Flexibilidade Psicológica; Hexaflex (Aceitação, Desfusão Cognitiva, Contato com o Momento Presente, Self como Contexto, Valores, Ação Comprometida); Valores Pessoais (direções de vida); Teoria do Enquadramento Relacional (RFT); Inflexibilidade Psicológica (Fusão Cognitiva e Esquiva Experiencial); Ciência Comportamental Contextual (CBS)","Estados Unidos, Europa, Brasil",/home/ubuntu/research_summary(3)/11_LDgxf1S7jq0zXHt4ku5vKy_1765025688697_na1fn_L2hvbWUvdWJ1bnR1L3Blc3F1aXNhX2FjdF92YWxvcmVz.md,
Motivational interviewing e resistência à mudança,Entrevista Motivacional e Resistência à Mudança: Fundamentos Teóricos e Frameworks Psicológicos,19,"Entrevista Motivacional (EM), Espírito (PACE), Habilidades Centrais (OARS), Fala de Mudança (DARN-CAT), Modelo Transteórico (TTM), Estágios de Mudança, Teoria da Reatância Psicológica, Teoria da Perspectiva e Aversão à Perda, Dissonância Cognitiva, Teoria da Identidade Social, Teoria da Justificação do Sistema, Modelo de Mudança de Lewin.","América do Norte, Europa, Global",/home/ubuntu/research_summary(3)/12_fKdOfGFRuayUW02v6685XH_1765025890213_na1fn_L2hvbWUvdWJ1bnR1L3Jlc2VhcmNoX3N1bW1hcnk.md,
Transtheoretical Model (Stages of Change) - Prochaska,"O Modelo Transteórico (Estágios de Mudança) de Prochaska e DiClemente, com foco em seus construtos teóricos, frameworks conceituais e metodologias de intervenção humana.",15,"O Modelo Transteórico (MTT) é um framework integrativo que descreve a mudança de comportamento intencional como um processo dinâmico. Seus principais construtos são: **Estágios de Mudança** (Pré-Contemplação, Contemplação, Preparação, Ação, Manutenção e Terminação), que definem a prontidão do indivíduo; **Processos de Mudança** (Experienciais e Comportamentais), que são as atividades que impulsionam o movimento entre os estágios; **Equilíbrio Decisório** (Decisional Balance), que pondera os prós e contras da mudança; e **Autoeficácia** (Self-Efficacy), que representa a confiança na capacidade de manter o novo comportamento. O modelo enfatiza a intervenção **adaptada ao estágio** (*stage-matched*) e a importância das **estruturas humanas** (coaching, aconselhamento, suporte social) e **metodologias práticas** para a progressão.","América do Norte, Europa, Global",/home/ubuntu/research_summary(3)/13_lfyULL2ftQYxcZj5zgY8vO_1765025860970_na1fn_L2hvbWUvdWJ1bnR1L3Jlc2VhcmNoX3N1bW1hcnk.md,
Health Action Process Approach (HAPA) - Schwarzer,Psicologia da Saúde e Mudança de Comportamento: Health Action Process Approach (HAPA) de Ralf Schwarzer,20,"O HAPA é um *framework* sociocognitivo híbrido que postula a mudança de comportamento como um processo sequencial de duas fases: a **Fase Motivacional** (formação da intenção) e a **Fase Volicional** (execução e manutenção da ação). O modelo é estruturado em torno de construtos centrais, sendo o mais proeminente a **Autoeficácia**, que é diferenciada em Autoeficácia de Ação, Manutenção e Recuperação. A transição da intenção para o comportamento é mediada por mecanismos de **Planejamento**, especificamente o **Planejamento de Ação** (definição de quando, onde e como agir) e o **Planejamento de Enfrentamento** (*Coping Planning*), que antecipa e resolve obstáculos. A **Autorregulação** (Controle de Ação) é fundamental na fase volicional para monitorar o desempenho e ajustar as estratégias. Metodologicamente, o HAPA sustenta as **Intervenções *Stage-Matched***, que adaptam o foco da intervenção (motivação ou volição) ao estágio do indivíduo, e integra o **Suporte Social** como um recurso volicional que fortalece o planejamento e a manutenção do comportamento.","Europa (Alemanha, Reino Unido, Polônia), América do Norte (EUA, Canadá), Ásia (China, Irã)",/home/ubuntu/research_summary(3)/14_qFx6ZtxvETbZTXvkoC9Bq3_1765025709592_na1fn_L2hvbWUvdWJ1bnR1L2hhcGFfcmVzZWFyY2hfc3VtbWFyeQ.md,
